Crs_id,Dept_id,Crs_num,Crs_name,Crs_credits
1,1,100,Introduction to Architecture Study,8
2,1,101,Introduction to Architectural Studies,1
3,1,150,Appreciation of Architecture I,3
4,1,151,Appreciation of Architecture II,3
5,1,200,Architectural Design and Representation I,5
6,1,201,Architectural Design and Representation II,5
7,1,231,Making and Craft,5
8,1,251,World Architecture Non-Western Cultures,5
9,1,300,Introduction to Architectural Design I,6
10,1,301,Introduction to Architectural Design II,6
11,1,302,Introduction to Architectural Design III,6
12,1,320,Introduction to Structures I,3
13,1,321,Introduction to Structures II,3
14,1,322,Introduction to Structures III,3
15,1,323,Structures I,3
16,1,361,Architecture Colloquium,5
17,1,380,Computers in Architecture,3
18,1,400,Architectural Design IV,6
19,1,401,Architectural Design V,6
20,1,402,Architectural Design VI,6
21,1,403,Architectural Problems,6
22,1,404,Integrated Design/Build Studio,6
23,1,413,Architectural Photography Projects,3
24,1,415,Architectural Sketching,3
25,1,418,Watercolor Drawing,3
26,1,425,Life Cycle Assessment and Architecture,3
27,1,430,Materials and Processes,3
28,1,431,Energy and Environmental Systems for Buildings,3
29,1,434,Color and Light,3
30,1,435,Principles and Practices of Environmental Lighting,3
31,1,436,Building Acoustics,3
32,1,439,Architectural Lighting Design,3
33,1,441,Visions of the Japanese House,3
34,1,442,Africa and Middle East Seminar,3
35,1,445,South Asian Architecture I,3
36,1,446,South Asian Architecture II,3
37,1,452,History of Architecture in Seattle and Environs,3
38,1,453,Japanese Architecture,3
39,1,455,American Architecture,3
40,1,457,Twentieth-Century Architecture,3
41,1,459,Architecture Since 1945,3
42,1,460,Design Theory and Analysis,3
43,1,466,Gender and Architecture,3
44,1,468,Architecture Capstone Preparation,3
45,1,469,Architecture Capstone,6
46,1,475,Residential Architectural Practice,3
47,1,481,3D Modeling and Rendering,3
48,1,484,Design Computing Seminar,3
49,1,487,Fundamentals of Building Information Modeling,3
50,2,110,Computer Science Principles,5
51,2,121,Introduction to Computer Programming I,4
52,2,122,Introduction to Computer Programming II,4
53,2,123,Introduction to Computer Programming III,4
54,2,131,Science and Art of Digital Photography,4
55,2,142,Computer Programming I,4
56,2,143,Computer Programming II,5
57,2,160,Data Programming,4
58,2,180,Introduction to Data Science,4
59,2,311,Foundations of Computing I,4
60,2,312,Foundations of Computing II,4
61,2,331,Software Design and Implementation,4
62,2,332,Data Structures and Parallelism,4
63,2,333,Systems Programming,4
64,2,340,Interaction Programming,4
65,2,341,Programming Languages,4
66,2,344,Introduction to Data Management,4
67,2,351,The Hardware/Software Interface,4
68,2,369,Introduction to Digital Design,3
69,2,373,Data Structures and Algorithms,4
70,2,374,Intermediate Programming Concepts and Tools,3
71,2,391,System and Software Tools,1
72,2,401,Introduction to Compiler Construction,4
73,2,402,Design and Implementation of Domain-Specific Languages,4
74,2,403,Software Engineering,4
75,2,410,Computer Systems,3
76,2,412,Introduction to Data Visualization,4
77,2,413,Programming Languages and Their Implementation,3
78,2,414,Introduction to Database Systems,4
79,2,415,Introduction to Artificial Intelligence,3
80,2,416,Introduction to Machine Learning,4
81,2,417,Algorithms and Computational Complexity,3
82,2,421,Introduction to Algorithms,3
83,2,422,Toolkit for Modern Algorithms,3
84,2,426,Cryptography,4
85,2,427,Computational Biology,3
86,2,428,Computational Biology Capstone,5
87,2,431,Introduction to Theory of Computation,3
88,2,434,Introduction to Quantum Computation,4
89,2,440,"Introduction to HCI: User Interface Design, Prototyping, and Evaluation",5
90,2,441,"Advanced HCI: Advanced User Interface Design, Prototyping, and Evaluation",5
91,2,442,Data Visualization,4
92,2,444,Database Systems Internals,4
93,2,446,Machine Learning,4
94,2,447,Natural Language Processing,4
95,2,450,Animation Production Seminar,1
96,2,451,Introduction to Operating Systems,4
97,2,452,Introduction to Distributed Systems,4
98,2,453,Datacenter Systems,4
99,2,454,Advanced Internet and Web Services,5
100,2,455,Computer Vision,4
101,2,456,Story Design for Computer Animation,4
102,2,457,Computer Graphics,4
103,2,458,Computer Animation,5
104,2,459,Pre-Production for Collaborative Animation,5
105,2,460,Animation Capstone,5
106,2,461,Introduction to Computer-Communication Networks,4
107,2,462,Wireless Communication,4
108,2,469,Computer Architecture I,5
109,2,470,Computer Architecture II,4
110,2,472,Introduction to Computational Linguistics,5
111,2,473,Introduction to Artificial Intelligence,3
112,2,474,Introduction to Embedded Systems,4
113,2,475,Embedded Systems Capstone,5
114,2,478,Autonomous Robotics,4
115,2,484,Computer Security,4
116,2,486,Introduction to Synthetic Biology,3
117,2,491,Data Science and Society Seminar,1
118,2,497,Undergraduate Research Seminar,1
119,3,200,Introduction to Microeconomics,5
120,3,201,Introduction to Macroeconomics,5
121,3,216,Economics of Sports,5
122,3,230,Economics of Fisheries and Oceans,5
123,3,235,Introduction to Environmental Economics,5
124,3,282,Using Econometrics: A Practical Approach,5
125,3,300,Intermediate Microeconomics,5
126,3,301,Intermediate Macroeconomics,5
127,3,345,Global Health Economics,5
128,3,346,Using Economics to Solve Today's Healthcare Problems,4
129,3,382,Introduction to Econometrics,5
130,3,396,Honors Research Seminar,2
131,3,400,Advanced Microeconomics,5
132,3,401,Advanced Macroeconomics,5
133,3,402,Microeconomics: Methods and Applications,5
134,3,403,The Economics of Property Rights,5
135,3,404,Industrial Organization and Price Analysis,5
136,3,408,Economic Analysis of the Law,5
137,3,410,Economics of Networks,5
138,3,411,Behavioral Economics,5
139,3,412,Macroeconomics and Inequality,5
140,3,421,"Money, Credit, and the Economy",5
141,3,425,Topics in Monetary Economics,5
142,3,426,Advanced Financial Economics,5
143,3,427,Central Banking,5
144,3,431,Government and Business,5
145,3,432,Empirical Industrial Organization,5
146,3,435,Natural Resource Economics,5
147,3,436,Economics of the Environment,5
148,3,437,Economics of Biological Resources,5
149,3,438,Economics of Energy,5
150,3,442,Economics of Human Resource Management,5
151,3,443,Labor Market Analysis,5
152,3,444,Topics in Labor Market Analysis,5
153,3,446,Economics of Education,5
154,3,447,Economics of Gender,5
155,3,448,Population and Development,5
156,3,450,Public Finance: Expenditure Policy,5
157,3,451,Public Finance: Tax Policy,5
158,3,452,Economic Theory as Applied to the Political System,5
159,3,454,Cost-Benefit Analysis,5
160,3,455,Microeconomics of Public Policy,5
161,3,464,Financial Crisis,5
162,3,471,International Trade,5
163,3,472,International Finance,5
164,3,473,Topics in International Trade,5
165,3,475,Economics of the European Union,5
166,3,476,"Trade, Foreign Direct Investment, and Labor Migration",5
167,3,485,Game Theory with Applications to Economics,5
168,3,486,Economics of Information,5
169,3,490,Comparative Economic Systems,5
170,3,491,Issues in Economic Development,5
171,3,492,Macroeconomics of Emerging Markets,5
172,3,493,Economy of Modern China,5
173,3,494,Economy of Japan,5
174,3,495,Economies in Transition,5
175,3,496,Honors Seminar,5
176,3,497,Honors Directed Study,5
177,4,200,Introduction to Linguistics,5
178,4,203,Introduction to Anthropological Linguistics,5
179,4,210,Language and Thought,5
180,4,212,Infant Brain and Language Development,5
181,4,220,Origins of the Germanic Languages,5
182,4,233,Introduction to Language and Society,5
183,4,234,Language and Diversity,5
184,4,242,Introduction to Meaning,5
185,4,269,Swearing and Taboo Language,5
186,4,359,Language and Ethnicity,5
187,4,373,Introduction to Localization and Project Management,5
188,4,374,Localization: Technology and Tools,5
189,4,400,Survey of Linguistic Method and Theory,5
190,4,401,"The Linguistic, Philosophical, and Political Thought of Noam Chomsky",3
191,4,403,Linguistics of Signed Languages,5
192,4,407,Languages of the World,5
193,4,410,Introduction to Historical Linguistics,5
194,4,415,History of the German Language,5
195,4,419,Romance Linguistics Senior Essay,3
196,4,421,R for Linguists,5
197,4,430,Pidgin and Creole Languages,5
198,4,432,Sociolinguistics I,5
199,4,433,Sociolinguistics II,5
200,4,441,Language Processing and Development 1,5
201,4,442,Language Processing and Development 2,5
202,4,449,Second-Language Learning,5
203,4,450,Introduction to Linguistic Phonetics,5
204,4,451,Phonology I,5
205,4,452,Phonology II,5
206,4,453,Experimental Phonetics,5
207,4,457,Turkic Linguistics,5
208,4,458,Language and Gender,5
209,4,461,Syntax I,5
210,4,462,Syntax II,5
211,4,463,Syntax III,4
212,4,464,Language Politics and Cultural Identity,3
213,4,470,Discourse: Analyzing Talk and Texts,5
214,4,471,Computational Methods for Linguists,5
215,4,472,Introduction to Computational Linguistics,5
216,4,476,Philosophy of Language,5
217,4,478,Semantics I,5
218,4,479,Semantics II,3
219,4,481,Introduction to Morphology,5
220,5,98,Intermediate Algebra,0
221,5,100,Algebra,5
222,5,102,Algebra,5
223,5,103,Introduction to Elementary Functions,5
224,5,111,Algebra with Applications,5
225,5,112,Application of Calculus to Business and Economics,5
226,5,116,Introduction to Taylor Polynomials and Taylor Series,1
227,5,120,Precalculus,5
228,5,124,Calculus with Analytic Geometry I,5
229,5,125,Calculus with Analytic Geometry II,5
230,5,126,Calculus with Analytic Geometry III,5
231,5,134,Accelerated [Honors] Calculus,5
232,5,135,Accelerated [Honors] Calculus,5
233,5,136,Accelerated [Honors] Calculus,5
234,5,207,Introduction to Differential Equations,3
235,5,208,Matrix Algebra with Applications,3
236,5,209,Linear Analysis,3
237,5,224,Advanced Multivariable Calculus,3
238,5,282,Exploring Opportunities in the Mathematical Sciences,1
239,5,300,Introduction to Mathematical Reasoning,3
240,5,301,Elementary Number Theory,3
241,5,318,Advanced Linear Algebra Tools and Applications,3
242,5,327,Introductory Real Analysis I,3
243,5,334,Accelerated [Honors] Advanced Calculus,5
244,5,335,Accelerated [Honors] Advanced Calculus,5
245,5,336,Accelerated [Honors] Advanced Calculus,5
246,5,340,Abstract Linear Algebra,3
247,5,342,Art of Problem Solving,3
248,5,381,Discrete Mathematical Modeling,3
249,5,382,Careers in Mathematical Sciences,1
250,5,394,Probability I,3
251,5,395,Probability II,3
252,5,396,Finite Markov Chains and Monte-Carlo Methods,3
253,5,402,Introduction to Modern Algebra,3
254,5,403,Introduction to Modern Algebra,3
255,5,404,Introduction to Modern Algebra,3
256,5,407,Linear Optimization,3
257,5,408,Nonlinear Optimization,3
258,5,409,Discrete Optimization,3
259,5,411,Introduction to Modern Algebra with Applications I,3
260,5,412,Introduction to Modern Algebra with Applications II,3
261,5,420,History of Mathematics,3
262,5,424,Fundamental Concepts of Analysis,3
263,5,425,Fundamental Concepts of Analysis,3
264,5,426,Fundamental Concepts of Analysis,3
265,5,427,Complex Analysis,3
266,5,428,Complex Analysis,3
267,5,441,Topology,3
268,5,442,Differential Geometry,3
269,5,443,Differential Geometry,3
270,5,444,Introduction to Geometries I,3
271,5,445,Introduction to Geometries II,3
272,5,461,Combinatorial Theory I,3
273,5,462,Combinatorial Theory II,3
274,5,464,Numerical Analysis I,3
275,5,465,Numerical Analysis II,3
276,5,491,Introduction to Stochastic Processes,3
277,5,492,Introduction to Stochastic Processes II,3
278,5,493,Stochastic Calculus for Option Pricing,3
279,5,499,Undergraduate Research,8
280,6,123,Introduction to Visualization and Computer-Aided Design,4
281,6,124,Visualization and Computer-Aided Design Laboratory,2
282,6,402,"Additive Manufacturing: Materials, Processing and Applications",3
283,6,410,Nanodevices: Design and Manufacture,3
284,6,411,Biological Frameworks for Engineers,3
285,6,414,Engineering Innovation in Health,3
286,6,415,Introduction to Cell Mechanics,3
287,6,416,Mechanobiology,3
288,6,445,Introduction to Biomechanics,4
289,6,450,Introduction to Composite Materials and Design,3
290,6,460,Kinematics and Linkage Design,3
291,6,461,Mechanics of Thin Films,3
292,6,496,Technology-Based Entrepreneurship,3
293,7,100,Introduction to Philosophy,5
294,7,102,Contemporary Moral Problems,5
295,7,110,Introduction to Social and Political Philosophy,5
296,7,114,Philosophical Issues in the Law,5
297,7,115,Practical Reasoning,5
298,7,118,The Ethics and Psychology of Persuasion,5
299,7,120,Introduction to Logic,5
300,7,149,Existentialism and Film,5
301,7,160,"Why Do We Believe in Quarks, Evolution, and Other Crazy Things? Perspectives on Science, Reason, and Reality",5
302,7,205,Philosophy for Children,5
303,7,206,Philosophy of Feminism,5
304,7,207,Issues of Global Justice,5
305,7,240,Introduction to Ethics,5
306,7,242,Introduction to Medical Ethics,5
307,7,243,Environmental Ethics,5
308,7,267,Introduction to Philosophy of Religion,5
309,7,291,Ethics in Science,5
310,7,307,Justice Across Disciplinary Boundaries,5
311,7,314,Philosophy of Crime and Punishment,5
312,7,320,Ancient Philosophy,5
313,7,322,Modern Philosophy,5
314,7,324,Classical Chinese Philosophy,5
315,7,325,Nineteenth-Century Philosophy,5
316,7,330,History of Ancient Political Philosophy,5
317,7,332,History of Modern Political Philosophy,5
318,7,338,Philosophy of Human Rights,5
319,7,340,History of Ancient Ethics,5
320,7,342,History of Modern Ethics,5
321,7,343,Ethics and the Environment,5
322,7,344,History of Recent Ethics,5
323,7,345,Moral Issues of Life and Death,5
324,7,346,Personal Values and Human Good,5
325,7,347,Philosophy in Literature,5
326,7,350,Introduction to Epistemology,5
327,7,356,Introduction to Metaphysics,5
328,7,362,Topics in the Philosophy of Science,5
329,7,363,Introduction to the Philosophy of Mind,5
330,7,373,Introduction to Philosophy of Mathematics,5
331,7,400,Honors Seminar,5
332,7,405,Political Philosophy of Race,5
333,7,406,Philosophical Topics in Feminism,5
334,7,410,Social and Political Philosophy,5
335,7,411,Justice in Health Care,5
336,7,412,Ethical Theory,5
337,7,413,Metaethical Theory,5
338,7,414,Philosophy of Law,5
339,7,418,Jewish Philosophy,5
340,7,419,Latin American Philosophy,5
341,7,426,Twentieth-Century Philosophy,5
342,7,431,Philosophy of Plato,5
343,7,433,Philosophy of Aristotle,5
344,7,436,British Empiricism,3
345,7,437,Philosophy of Hume,3
346,7,438,Philosophy of Kant,5
347,7,440,Ethics,5
348,7,441,Public Health Ethics,5
349,7,442,Neuroethics,5
350,7,446,Development of Aesthetic Theory,5
351,7,448,Philosophy and Video Games: I Play Therefore I Am,5
352,7,449,Philosophy of Film,5
353,7,450,Epistemology,5
354,7,452,Statistics and Philosophy of Voting,3
355,7,453,Philosophy of Language,5
356,7,455,Nature of Race and Racism,5
357,7,456,Metaphysics,5
358,7,458,Phenomenology,5
359,7,459,Philosophy of Medicine,5
360,7,462,Social Structure of Science,5
361,7,463,Philosophy of Mind,5
362,7,464,Philosophical Issues in the Cognitive Sciences,5
363,7,465,Philosophy of History,3
364,7,466,Philosophy of the Social Sciences,5
365,7,467,Philosophy of Religion,5
366,7,470,Intermediate Logic,5
367,7,471,Advanced Logic,5
368,7,472,Axiomatic Set Theory,5
369,7,473,Philosophy of Mathematics,5
370,7,474,Modal Logic,5
371,7,479,Semantics II,3
372,7,483,Induction and Probability,5
373,7,486,Philosophy of Game Theory,5
374,8,104,Facilitated Group Inquiry I,2
375,8,105,Facilitated Group Inquiry II,2
376,8,106,Facilitated Group Inquiry III,2
377,8,107,"Quantum Mechanics, Relativity, and the Foundations of Our Modern Technological World",5
378,8,110,Liberal Arts Physics,5
379,8,114,Mechanics,4
380,8,121,Mechanics,5
381,8,122,Electromagnetism,5
382,8,123,"Waves, Light, and Heat",5
383,8,141,Honors Mechanics,5
384,8,142,Honors Electromagnetism,5
385,8,143,"Honors Waves, Light and Heat",5
386,8,207,The Physics of Music,3
387,8,210,Physics by Inquiry I,5
388,8,211,Physics by Inquiry I,5
389,8,212,Physics by Inquiry I,5
390,8,214,Light and Color,5
391,8,216,Science and Society,5
392,8,217,Energy Future: The Technical and Social Barriers to Large-Scale Sustainable Energy,5
393,8,224,Thermal Physics,3
394,8,225,Introduction to Quantum Mechanics,3
395,8,226,Particles and Symmetries,3
396,8,227,Mathematical Physics I,4
397,8,228,Mathematical Physics II,4
398,8,231,Introductory Experimental Physics,3
399,8,232,Introduction to Computational Physics,3
400,8,294,Introduction to Research: Frontiers of Physics,1
401,8,321,Electromagnetism I,4
402,8,322,Electromagnetism II,4
403,8,323,Electromagnetism III,4
404,8,324,Quantum Mechanics I,4
405,8,325,Quantum Mechanics II,4
406,8,328,Statistical Physics,3
407,8,329,Mathematical Methods and Classical Mechanics,3
408,8,331,Advanced Laboratory: Optics,3
409,8,334,Advanced Laboratory: Analog Electronics,3
410,8,335,Advanced Laboratory: Digital Electronics,3
411,8,401,Pedagogy of Physics: Mechanics,3
412,8,402,Pedagogy of Physics: Electromagnetism,3
413,8,403,Pedagogy of Physics: Waves,3
414,8,406,Physical Science by Inquiry II,5
415,8,407,Physics by Inquiry I,5
416,8,408,Physics by Inquiry II,5
417,8,409,Physics by Inquiry III,5
418,8,419,Quantum Computing,3
419,8,421,Contemporary Atomic Physics,3
420,8,422,Contemporary Nuclear and Particle Physics,3
421,8,423,Contemporary Condensed Matter Physics,3
422,8,429,Biophysics,3
423,8,431,Advanced Laboratory: Condensed Matter,3
424,8,432,Advanced Laboratory: Atomic Physics,3
425,8,433,Advanced Laboratory: Nuclear and Particle Experiments,3
426,8,441,Quantum Physics,4
427,8,466,"Energy Materials, Devices, and Systems",3
428,9,250,Introduction to Real Estate,3
429,9,361,Property Transactions,3
430,9,363,Real Estate Development Process,3
431,9,397,Introduction to Real Estate Data Modeling,5
432,9,400,Accounting for Real Estate,3
433,9,408,Financial Modeling for Real Estate I,3
434,9,409,Financial Modeling for Real Estate II,2
435,9,411,Real Estate Valuation and Appraisal,3
436,9,413,Real Estate Finance and Investment,4
437,9,415,Real Estate Law,3
438,9,416,Real Estate Economics and Market Analysis,4
439,9,418,Best Practices in Sustainable Real Estate,3
440,9,431,Real Estate Portfolio Management,4
441,9,459,Risk and Reward in Sustainable Development,3
442,9,462,Residential Real Estate Data Analytics,5
443,9,464,Affordable Housing,4
444,9,497,Real Estate Data Modeling,4
