Stud_id,Dept_id,type
3,3,MAJOR
3,9,MINOR
4,8,MAJOR
5,4,MAJOR
6,6,MAJOR
6,4,MINOR
7,4,MAJOR
8,6,MAJOR
8,9,MAJOR
8,8,MINOR
9,8,MAJOR
11,4,MAJOR
12,4,MAJOR
12,9,MAJOR
17,8,MAJOR
17,2,MINOR
18,5,MAJOR
20,1,MAJOR
20,6,MAJOR
22,2,MAJOR
23,9,MAJOR
27,1,MAJOR
27,5,MAJOR
32,7,MAJOR
33,2,MAJOR
37,5,MAJOR
37,9,MAJOR
38,3,MAJOR
42,6,MAJOR
42,7,MAJOR
42,8,MINOR
43,1,MAJOR
44,5,MAJOR
44,7,MINOR
45,3,MAJOR
46,6,MAJOR
46,1,MINOR
47,4,MAJOR
47,9,MAJOR
47,7,MINOR
49,6,MAJOR
50,6,MAJOR
50,9,MAJOR
51,3,MAJOR
52,2,MAJOR
53,5,MAJOR
53,2,MINOR
55,4,MAJOR
55,8,MAJOR
57,8,MAJOR
58,2,MAJOR
58,3,MAJOR
59,2,MAJOR
59,7,MAJOR
60,8,MAJOR
61,1,MAJOR
64,4,MAJOR
65,1,MAJOR
65,8,MAJOR
65,5,MINOR
66,6,MAJOR
66,8,MAJOR
69,5,MAJOR
70,5,MAJOR
70,1,MINOR
71,3,MAJOR
72,2,MAJOR
72,7,MAJOR
73,1,MAJOR
73,8,MAJOR
74,2,MAJOR
74,5,MAJOR
75,5,MAJOR
76,1,MAJOR
77,3,MAJOR
78,6,MAJOR
79,2,MAJOR
80,1,MAJOR
83,3,MAJOR
84,1,MAJOR
85,4,MAJOR
85,5,MAJOR
86,7,MAJOR
86,9,MAJOR
87,8,MAJOR
88,1,MAJOR
89,2,MAJOR
89,7,MAJOR
90,6,MAJOR
91,2,MAJOR
92,2,MAJOR
92,6,MAJOR
93,7,MAJOR
95,1,MAJOR
96,7,MAJOR
97,3,MAJOR
97,4,MAJOR
100,3,MAJOR
101,4,MAJOR
101,7,MAJOR
104,5,MAJOR
106,8,MAJOR
106,9,MAJOR
107,7,MAJOR
108,5,MAJOR
109,7,MAJOR
110,1,MAJOR
111,7,MAJOR
112,2,MAJOR
114,6,MAJOR
115,1,MAJOR
115,2,MAJOR
118,6,MAJOR
118,8,MAJOR
119,8,MAJOR
120,6,MAJOR
121,3,MAJOR
123,3,MAJOR
123,9,MAJOR
124,8,MAJOR
125,4,MAJOR
125,7,MAJOR
125,8,MINOR
127,4,MAJOR
128,1,MAJOR
129,3,MAJOR
129,8,MAJOR
130,1,MAJOR
130,3,MAJOR
131,6,MAJOR
131,9,MAJOR
132,1,MAJOR
132,8,MAJOR
134,5,MAJOR
135,3,MAJOR
135,8,MAJOR
136,1,MAJOR
137,1,MAJOR
138,2,MAJOR
138,3,MAJOR
139,8,MAJOR
140,2,MAJOR
141,4,MAJOR
141,6,MAJOR
142,5,MAJOR
142,9,MINOR
143,1,MAJOR
143,8,MINOR
144,4,MAJOR
145,7,MAJOR
145,4,MINOR
146,4,MAJOR
146,5,MAJOR
147,4,MAJOR
147,6,MAJOR
148,9,MAJOR
150,1,MAJOR
150,8,MAJOR
151,6,MAJOR
152,2,MAJOR
153,9,MAJOR
154,1,MAJOR
154,2,MAJOR
158,7,MAJOR
159,1,MAJOR
159,4,MAJOR
160,1,MAJOR
161,1,MAJOR
162,5,MAJOR
163,4,MAJOR
164,6,MAJOR
164,8,MAJOR
166,7,MAJOR
168,7,MAJOR
168,8,MINOR
169,9,MAJOR
170,2,MAJOR
172,7,MAJOR
173,8,MAJOR
173,3,MINOR
174,5,MAJOR
175,1,MAJOR
175,5,MINOR
176,7,MAJOR
177,2,MAJOR
178,9,MAJOR
179,6,MAJOR
179,9,MINOR
181,2,MAJOR
181,6,MINOR
182,8,MAJOR
183,3,MAJOR
185,3,MAJOR
185,6,MAJOR
185,2,MINOR
187,6,MAJOR
187,8,MAJOR
188,6,MAJOR
188,8,MAJOR
189,4,MAJOR
190,1,MAJOR
190,7,MINOR
191,9,MAJOR
191,5,MINOR
193,2,MAJOR
193,7,MAJOR
194,7,MAJOR
195,7,MAJOR
196,1,MAJOR
197,3,MAJOR
198,1,MAJOR
199,2,MAJOR
200,1,MAJOR
200,8,MINOR
203,9,MAJOR
204,3,MAJOR
204,8,MAJOR
207,3,MAJOR
208,6,MAJOR
208,9,MAJOR
208,5,MINOR
210,1,MAJOR
210,6,MAJOR
210,4,MINOR
211,2,MAJOR
211,8,MAJOR
211,9,MINOR
213,8,MAJOR
214,9,MAJOR
215,2,MAJOR
217,1,MAJOR
217,4,MAJOR
217,9,MINOR
218,2,MAJOR
219,1,MAJOR
219,9,MAJOR
220,8,MAJOR
223,1,MAJOR
226,8,MAJOR
227,5,MAJOR
229,4,MAJOR
230,3,MAJOR
230,6,MAJOR
231,6,MAJOR
231,7,MAJOR
233,3,MAJOR
233,4,MAJOR
233,7,MINOR
234,7,MAJOR
235,3,MAJOR
235,7,MAJOR
236,5,MAJOR
237,1,MAJOR
242,2,MAJOR
242,8,MAJOR
243,7,MAJOR
244,4,MAJOR
244,6,MAJOR
245,3,MAJOR
245,4,MAJOR
246,4,MAJOR
246,6,MAJOR
246,2,MINOR
247,9,MAJOR
248,2,MAJOR
248,4,MAJOR
248,8,MINOR
249,4,MAJOR
249,8,MAJOR
250,7,MAJOR
251,8,MAJOR
252,4,MAJOR
254,2,MAJOR
257,6,MAJOR
258,2,MAJOR
258,5,MAJOR
259,1,MAJOR
259,2,MINOR
261,5,MAJOR
262,3,MAJOR
264,6,MAJOR
266,7,MAJOR
268,1,MAJOR
268,7,MAJOR
269,4,MAJOR
269,2,MINOR
271,3,MAJOR
271,5,MINOR
272,3,MAJOR
272,4,MAJOR
274,7,MAJOR
274,9,MAJOR
275,9,MAJOR
276,3,MAJOR
276,7,MINOR
277,5,MAJOR
278,7,MAJOR
279,3,MAJOR
281,4,MAJOR
281,6,MAJOR
282,1,MAJOR
283,3,MAJOR
284,3,MAJOR
284,5,MAJOR
285,5,MAJOR
285,9,MINOR
286,9,MAJOR
286,7,MINOR
287,6,MAJOR
287,4,MINOR
288,3,MAJOR
288,1,MINOR
289,3,MAJOR
290,5,MAJOR
291,2,MAJOR
292,3,MAJOR
292,8,MAJOR
292,4,MINOR
293,3,MAJOR
294,3,MAJOR
294,7,MAJOR
294,6,MINOR
295,6,MAJOR
296,4,MAJOR
299,4,MAJOR
301,1,MAJOR
302,3,MAJOR
304,6,MAJOR
304,4,MINOR
305,6,MAJOR
305,8,MAJOR
305,9,MINOR
306,3,MAJOR
307,7,MAJOR
309,3,MAJOR
310,2,MAJOR
310,7,MINOR
312,1,MAJOR
312,5,MAJOR
314,9,MAJOR
316,1,MAJOR
320,6,MAJOR
320,9,MINOR
321,1,MAJOR
321,8,MAJOR
321,2,MINOR
322,4,MAJOR
322,6,MAJOR
324,1,MAJOR
325,4,MAJOR
326,4,MAJOR
327,8,MAJOR
328,2,MAJOR
328,5,MINOR
329,1,MAJOR
330,1,MAJOR
331,3,MAJOR
332,4,MAJOR
334,2,MAJOR
334,5,MINOR
335,1,MAJOR
335,6,MINOR
336,4,MAJOR
336,2,MINOR
337,1,MAJOR
337,9,MINOR
338,4,MAJOR
338,7,MAJOR
338,9,MINOR
339,1,MAJOR
340,7,MAJOR
341,6,MAJOR
342,3,MAJOR
342,9,MAJOR
344,8,MAJOR
345,4,MAJOR
345,8,MAJOR
346,6,MAJOR
347,4,MAJOR
350,6,MAJOR
352,4,MAJOR
352,5,MAJOR
353,1,MAJOR
353,2,MAJOR
354,6,MAJOR
355,2,MAJOR
355,1,MINOR
356,6,MAJOR
357,4,MAJOR
358,1,MAJOR
359,8,MAJOR
360,2,MAJOR
361,3,MAJOR
361,4,MAJOR
362,1,MAJOR
362,4,MAJOR
363,2,MAJOR
363,9,MINOR
364,1,MAJOR
364,8,MAJOR
366,5,MAJOR
366,6,MAJOR
368,6,MAJOR
369,7,MAJOR
370,5,MAJOR
370,9,MAJOR
370,3,MINOR
372,1,MAJOR
372,2,MAJOR
372,6,MINOR
373,7,MAJOR
373,9,MAJOR
374,4,MAJOR
374,6,MAJOR
375,6,MAJOR
376,1,MAJOR
376,3,MAJOR
376,6,MINOR
377,9,MAJOR
378,3,MAJOR
378,4,MAJOR
378,8,MINOR
379,5,MAJOR
379,7,MAJOR
380,7,MAJOR
381,6,MAJOR
381,7,MAJOR
382,2,MAJOR
382,7,MINOR
385,6,MAJOR
386,1,MAJOR
386,9,MAJOR
386,8,MINOR
389,8,MAJOR
391,6,MAJOR
391,8,MAJOR
391,2,MINOR
392,6,MAJOR
392,4,MINOR
393,3,MAJOR
393,8,MAJOR
394,4,MAJOR
396,3,MAJOR
396,4,MAJOR
397,3,MAJOR
399,9,MAJOR
400,8,MAJOR
400,9,MAJOR
401,8,MAJOR
402,2,MAJOR
402,4,MAJOR
404,8,MAJOR
405,2,MAJOR
405,5,MINOR
408,3,MAJOR
408,7,MINOR
409,9,MAJOR
409,2,MINOR
411,1,MAJOR
411,6,MINOR
412,2,MAJOR
412,7,MAJOR
415,8,MAJOR
416,1,MAJOR
416,7,MAJOR
417,4,MAJOR
418,6,MAJOR
419,1,MAJOR
420,9,MAJOR
421,8,MAJOR
422,2,MAJOR
422,5,MAJOR
422,8,MINOR
423,2,MAJOR
423,7,MAJOR
424,5,MAJOR
424,8,MAJOR
424,1,MINOR
425,8,MAJOR
426,5,MAJOR
426,8,MAJOR
429,5,MAJOR
429,6,MAJOR
430,9,MAJOR
431,7,MAJOR
432,1,MAJOR
433,3,MAJOR
433,5,MINOR
434,5,MAJOR
434,6,MAJOR
435,2,MAJOR
435,5,MAJOR
436,6,MAJOR
438,1,MAJOR
438,3,MINOR
439,4,MAJOR
441,3,MAJOR
442,9,MAJOR
443,8,MAJOR
445,8,MAJOR
446,2,MAJOR
446,5,MAJOR
448,9,MAJOR
449,5,MAJOR
449,4,MINOR
450,4,MAJOR
451,1,MAJOR
452,3,MAJOR
452,5,MAJOR
453,4,MAJOR
455,8,MAJOR
456,5,MAJOR
457,7,MAJOR
457,6,MINOR
458,5,MAJOR
458,3,MINOR
459,5,MAJOR
459,3,MINOR
460,1,MAJOR
460,8,MAJOR
462,7,MAJOR
463,7,MAJOR
463,8,MAJOR
463,4,MINOR
464,3,MAJOR
464,2,MINOR
467,5,MAJOR
467,6,MAJOR
467,2,MINOR
468,6,MAJOR
469,7,MAJOR
471,4,MAJOR
472,3,MAJOR
472,7,MINOR
474,8,MAJOR
475,1,MAJOR
475,9,MAJOR
477,1,MAJOR
477,8,MAJOR
477,6,MINOR
479,6,MAJOR
479,8,MAJOR
480,2,MAJOR
480,7,MAJOR
482,5,MAJOR
484,7,MAJOR
484,8,MAJOR
485,6,MAJOR
486,1,MAJOR
487,7,MAJOR
488,4,MAJOR
489,2,MAJOR
489,9,MAJOR
490,3,MAJOR
490,8,MINOR
491,6,MAJOR
491,7,MAJOR
492,8,MAJOR
493,7,MAJOR
493,1,MINOR
498,5,MAJOR
499,7,MAJOR
499,8,MAJOR
499,9,MINOR
500,5,MAJOR
504,6,MAJOR
505,4,MAJOR
505,3,MINOR
507,8,MAJOR
508,4,MAJOR
509,6,MAJOR
512,1,MAJOR
513,2,MAJOR
514,4,MAJOR
514,8,MAJOR
514,6,MINOR
515,2,MAJOR
516,6,MAJOR
516,9,MAJOR
517,2,MAJOR
517,4,MAJOR
518,4,MAJOR
518,9,MAJOR
518,5,MINOR
520,5,MAJOR
520,6,MAJOR
521,4,MAJOR
521,2,MINOR
522,4,MAJOR
522,7,MAJOR
523,3,MAJOR
524,3,MAJOR
524,5,MAJOR
524,9,MINOR
525,9,MAJOR
526,3,MAJOR
526,9,MINOR
527,4,MAJOR
529,2,MAJOR
530,3,MAJOR
530,8,MINOR
531,2,MAJOR
531,3,MAJOR
532,4,MAJOR
535,3,MAJOR
535,5,MAJOR
536,9,MAJOR
536,7,MINOR
537,6,MAJOR
537,9,MAJOR
538,7,MAJOR
539,2,MAJOR
539,5,MAJOR
539,9,MINOR
540,9,MAJOR
541,8,MAJOR
542,4,MAJOR
542,7,MAJOR
544,2,MAJOR
544,7,MAJOR
545,9,MAJOR
545,5,MINOR
546,2,MAJOR
548,2,MAJOR
548,4,MINOR
550,1,MAJOR
550,6,MAJOR
551,9,MAJOR
552,4,MAJOR
552,5,MAJOR
553,7,MAJOR
554,2,MAJOR
556,6,MAJOR
556,9,MINOR
557,2,MAJOR
561,3,MAJOR
561,4,MINOR
562,4,MAJOR
562,8,MINOR
565,4,MAJOR
565,5,MAJOR
566,1,MAJOR
567,2,MAJOR
567,6,MAJOR
568,1,MAJOR
568,8,MAJOR
569,1,MAJOR
570,3,MAJOR
571,9,MAJOR
572,2,MAJOR
572,6,MINOR
573,4,MAJOR
573,6,MINOR
574,3,MAJOR
574,4,MINOR
575,3,MAJOR
575,6,MAJOR
577,1,MAJOR
577,8,MAJOR
578,7,MAJOR
580,9,MAJOR
581,1,MAJOR
581,4,MAJOR
581,3,MINOR
585,4,MAJOR
585,8,MAJOR
586,9,MAJOR
588,5,MAJOR
588,2,MINOR
589,1,MAJOR
589,2,MAJOR
589,8,MINOR
590,4,MAJOR
591,2,MAJOR
591,8,MAJOR
592,3,MAJOR
592,1,MINOR
593,9,MAJOR
594,5,MAJOR
594,8,MINOR
599,1,MAJOR
602,1,MAJOR
603,2,MAJOR
603,3,MAJOR
604,4,MAJOR
604,9,MAJOR
606,7,MAJOR
606,8,MAJOR
607,1,MAJOR
607,2,MAJOR
608,9,MAJOR
609,1,MAJOR
609,6,MAJOR
610,2,MAJOR
613,6,MAJOR
613,4,MINOR
615,6,MAJOR
617,4,MAJOR
617,6,MAJOR
618,2,MAJOR
618,9,MAJOR
621,1,MAJOR
621,3,MAJOR
623,2,MAJOR
623,6,MAJOR
624,4,MAJOR
624,7,MAJOR
627,2,MAJOR
628,7,MAJOR
629,1,MAJOR
629,3,MAJOR
629,7,MINOR
631,3,MAJOR
631,7,MAJOR
632,1,MAJOR
632,8,MAJOR
633,4,MAJOR
634,6,MAJOR
635,8,MAJOR
637,3,MAJOR
638,6,MAJOR
639,2,MAJOR
641,2,MAJOR
641,6,MAJOR
643,7,MAJOR
643,2,MINOR
645,2,MAJOR
645,7,MINOR
646,1,MAJOR
646,3,MAJOR
649,7,MAJOR
650,2,MAJOR
650,4,MINOR
651,4,MAJOR
652,5,MAJOR
652,6,MAJOR
653,9,MAJOR
654,2,MAJOR
654,9,MAJOR
655,8,MAJOR
656,6,MAJOR
656,7,MINOR
657,5,MAJOR
657,6,MINOR
659,8,MAJOR
659,6,MINOR
660,8,MAJOR
661,6,MAJOR
661,3,MINOR
662,6,MAJOR
662,7,MAJOR
663,1,MAJOR
664,3,MAJOR
664,4,MINOR
665,8,MAJOR
665,9,MAJOR
666,7,MAJOR
666,2,MINOR
667,1,MAJOR
668,7,MAJOR
670,2,MAJOR
670,4,MAJOR
671,5,MAJOR
672,4,MAJOR
674,8,MAJOR
674,6,MINOR
675,4,MAJOR
676,4,MAJOR
677,4,MAJOR
677,1,MINOR
678,1,MAJOR
678,8,MAJOR
679,2,MAJOR
681,3,MAJOR
682,9,MAJOR
683,3,MAJOR
683,9,MAJOR
685,3,MAJOR
685,1,MINOR
687,4,MAJOR
688,2,MAJOR
688,7,MINOR
689,1,MAJOR
689,5,MINOR
690,8,MAJOR
691,1,MAJOR
691,7,MINOR
692,1,MAJOR
693,8,MAJOR
696,1,MAJOR
696,9,MAJOR
697,2,MAJOR
698,8,MAJOR
699,5,MAJOR
699,8,MAJOR
699,6,MINOR
700,8,MAJOR
700,4,MINOR
701,5,MAJOR
701,1,MINOR
703,6,MAJOR
705,4,MAJOR
705,9,MAJOR
706,8,MAJOR
706,9,MAJOR
707,1,MAJOR
708,5,MAJOR
708,9,MAJOR
708,4,MINOR
709,1,MAJOR
709,3,MAJOR
709,4,MINOR
710,9,MAJOR
711,8,MAJOR
712,1,MAJOR
713,2,MAJOR
714,3,MAJOR
715,5,MAJOR
715,6,MAJOR
717,2,MAJOR
717,3,MAJOR
718,1,MAJOR
720,5,MAJOR
721,2,MAJOR
721,9,MAJOR
721,3,MINOR
722,2,MAJOR
722,5,MAJOR
722,9,MINOR
723,6,MAJOR
724,3,MAJOR
726,4,MAJOR
727,7,MAJOR
727,8,MAJOR
728,5,MAJOR
729,8,MAJOR
730,1,MAJOR
730,6,MINOR
731,5,MAJOR
731,8,MAJOR
732,3,MAJOR
732,7,MAJOR
733,8,MAJOR
735,6,MAJOR
735,7,MAJOR
737,6,MAJOR
738,7,MAJOR
740,2,MAJOR
741,5,MAJOR
741,9,MAJOR
744,6,MAJOR
744,8,MAJOR
746,4,MAJOR
747,7,MAJOR
749,6,MAJOR
750,9,MAJOR
751,6,MAJOR
752,1,MAJOR
752,4,MAJOR
754,2,MAJOR
755,8,MAJOR
755,1,MINOR
756,8,MAJOR
757,3,MAJOR
758,8,MAJOR
759,6,MAJOR
759,7,MAJOR
759,3,MINOR
760,3,MAJOR
761,4,MAJOR
761,1,MINOR
763,2,MAJOR
768,2,MAJOR
770,6,MAJOR
770,4,MINOR
771,3,MAJOR
773,2,MAJOR
773,7,MAJOR
774,9,MAJOR
775,1,MAJOR
776,9,MAJOR
777,4,MAJOR
779,4,MAJOR
779,8,MAJOR
784,1,MAJOR
787,8,MAJOR
788,7,MAJOR
788,8,MINOR
791,5,MAJOR
794,3,MAJOR
794,9,MAJOR
795,8,MAJOR
795,2,MINOR
796,1,MAJOR
796,9,MAJOR
797,4,MAJOR
798,2,MAJOR
799,7,MAJOR
799,2,MINOR
800,5,MAJOR
800,6,MINOR
803,6,MAJOR
804,2,MAJOR
806,4,MAJOR
807,4,MAJOR
808,5,MAJOR
808,6,MAJOR
809,5,MAJOR
811,2,MAJOR
811,1,MINOR
812,2,MAJOR
812,8,MAJOR
813,7,MAJOR
814,1,MAJOR
815,6,MAJOR
815,9,MAJOR
816,2,MAJOR
817,8,MAJOR
817,9,MAJOR
817,6,MINOR
818,7,MAJOR
818,8,MAJOR
819,7,MAJOR
819,8,MINOR
820,5,MAJOR
820,9,MAJOR
820,8,MINOR
821,1,MAJOR
822,7,MAJOR
823,5,MAJOR
823,8,MAJOR
823,9,MINOR
824,6,MAJOR
826,6,MAJOR
826,9,MAJOR
827,4,MAJOR
827,7,MAJOR
827,1,MINOR
828,5,MAJOR
828,8,MAJOR
830,4,MAJOR
831,1,MAJOR
832,7,MAJOR
833,1,MAJOR
833,5,MAJOR
834,9,MAJOR
834,6,MINOR
835,8,MAJOR
835,9,MAJOR
837,2,MAJOR
838,4,MAJOR
838,8,MAJOR
839,7,MAJOR
840,5,MAJOR
841,1,MAJOR
841,7,MAJOR
841,8,MINOR
842,1,MAJOR
842,6,MAJOR
843,3,MAJOR
843,1,MINOR
844,5,MAJOR
844,9,MAJOR
846,3,MAJOR
846,6,MAJOR
849,3,MAJOR
849,5,MAJOR
850,1,MAJOR
850,7,MINOR
851,1,MAJOR
851,3,MAJOR
851,2,MINOR
852,5,MAJOR
853,7,MAJOR
854,1,MAJOR
856,9,MAJOR
856,3,MINOR
857,8,MAJOR
857,9,MAJOR
857,2,MINOR
859,9,MAJOR
860,3,MAJOR
861,7,MAJOR
861,2,MINOR
862,8,MAJOR
863,2,MAJOR
863,5,MAJOR
863,3,MINOR
864,6,MAJOR
865,7,MAJOR
866,5,MAJOR
866,9,MAJOR
867,2,MAJOR
867,3,MAJOR
868,6,MAJOR
869,2,MAJOR
869,3,MINOR
870,2,MAJOR
870,4,MAJOR
871,6,MAJOR
871,8,MAJOR
871,2,MINOR
872,1,MAJOR
872,3,MAJOR
873,4,MAJOR
873,5,MAJOR
874,8,MAJOR
874,2,MINOR
875,5,MAJOR
875,2,MINOR
876,7,MAJOR
877,4,MAJOR
877,6,MINOR
878,5,MAJOR
879,3,MAJOR
880,2,MAJOR
880,7,MAJOR
880,3,MINOR
881,2,MAJOR
881,5,MAJOR
882,5,MAJOR
882,8,MAJOR
883,9,MAJOR
884,6,MAJOR
884,7,MAJOR
885,9,MAJOR
886,6,MAJOR
886,7,MAJOR
887,2,MAJOR
887,4,MAJOR
888,4,MAJOR
888,5,MAJOR
889,4,MAJOR
889,8,MAJOR
890,5,MAJOR
890,6,MAJOR
891,6,MAJOR
892,7,MAJOR
894,9,MAJOR
894,4,MINOR
895,7,MAJOR
899,6,MAJOR
900,6,MAJOR
900,7,MINOR
901,3,MAJOR
901,4,MAJOR
903,9,MAJOR
904,3,MAJOR
904,9,MAJOR
905,1,MAJOR
905,9,MAJOR
907,3,MAJOR
909,8,MAJOR
909,5,MINOR
910,6,MAJOR
911,4,MAJOR
912,3,MAJOR
913,1,MAJOR
913,3,MAJOR
914,1,MAJOR
914,3,MAJOR
915,4,MAJOR
915,6,MAJOR
916,1,MAJOR
918,5,MAJOR
918,8,MAJOR
919,5,MAJOR
920,4,MAJOR
920,8,MAJOR
920,5,MINOR
921,2,MAJOR
922,4,MAJOR
922,9,MAJOR
923,5,MAJOR
923,3,MINOR
924,8,MAJOR
925,7,MAJOR
925,8,MAJOR
926,9,MAJOR
929,2,MAJOR
929,9,MAJOR
931,5,MAJOR
931,9,MAJOR
932,4,MAJOR
933,7,MAJOR
933,5,MINOR
934,6,MAJOR
934,4,MINOR
935,6,MAJOR
936,3,MAJOR
937,1,MAJOR
938,6,MAJOR
939,1,MAJOR
939,9,MAJOR
940,5,MAJOR
940,8,MAJOR
940,6,MINOR
941,1,MAJOR
941,3,MAJOR
943,3,MAJOR
943,6,MINOR
944,2,MAJOR
944,9,MINOR
947,2,MAJOR
948,7,MAJOR
948,6,MINOR
949,1,MAJOR
951,1,MAJOR
951,6,MAJOR
951,2,MINOR
952,5,MAJOR
953,9,MAJOR
956,1,MAJOR
956,6,MAJOR
957,1,MAJOR
957,2,MAJOR
958,4,MAJOR
959,7,MAJOR
959,8,MAJOR
960,8,MAJOR
961,5,MAJOR
962,6,MAJOR
962,4,MINOR
963,2,MAJOR
964,7,MAJOR
965,9,MAJOR
966,6,MAJOR
968,5,MAJOR
968,2,MINOR
969,7,MAJOR
970,1,MAJOR
971,9,MAJOR
972,7,MAJOR
974,5,MAJOR
975,9,MAJOR
976,5,MAJOR
978,8,MAJOR
979,2,MAJOR
979,4,MAJOR
980,8,MAJOR
981,4,MAJOR
982,7,MAJOR
985,8,MAJOR
987,4,MAJOR
987,8,MINOR
988,5,MAJOR
988,7,MINOR
989,2,MAJOR
989,7,MINOR
990,8,MAJOR
990,7,MINOR
991,2,MAJOR
992,3,MAJOR
994,2,MAJOR
994,4,MAJOR
995,4,MAJOR
995,3,MINOR
996,1,MAJOR
997,2,MAJOR
997,9,MAJOR
998,6,MAJOR
999,8,MAJOR
1001,7,MAJOR
1002,3,MAJOR
1002,8,MAJOR
1003,2,MAJOR
1004,5,MAJOR
1005,7,MAJOR
1006,5,MAJOR
1006,9,MAJOR
1007,6,MAJOR
1008,1,MAJOR
1008,7,MAJOR
1009,2,MAJOR
1009,3,MAJOR
1010,2,MAJOR
1010,8,MAJOR
1011,8,MAJOR
1012,2,MAJOR
1013,3,MAJOR
1013,9,MAJOR
1014,7,MAJOR
1014,1,MINOR
1015,5,MAJOR
1016,4,MAJOR
1016,6,MAJOR
1016,9,MINOR
1017,8,MAJOR
1017,2,MINOR
1019,1,MAJOR
1020,1,MAJOR
1020,8,MAJOR
1022,2,MAJOR
1022,9,MAJOR
1023,7,MAJOR
1025,5,MAJOR
1026,4,MAJOR
1027,8,MAJOR
1028,3,MAJOR
1029,3,MAJOR
1030,3,MAJOR
1031,5,MAJOR
1031,9,MINOR
1034,4,MAJOR
1034,5,MAJOR
1035,6,MAJOR
1036,6,MAJOR
1037,7,MAJOR
1038,2,MAJOR
1040,3,MAJOR
1041,2,MAJOR
1042,9,MAJOR
1043,2,MAJOR
1043,7,MAJOR
1043,1,MINOR
1044,8,MAJOR
1045,2,MAJOR
1047,6,MAJOR
1048,3,MAJOR
1048,8,MINOR
1049,3,MAJOR
1050,5,MAJOR
1051,3,MAJOR
1051,7,MAJOR
1052,3,MAJOR
1053,9,MAJOR
1053,1,MINOR
1054,1,MAJOR
1054,4,MAJOR
1055,5,MAJOR
1055,7,MINOR
1056,4,MAJOR
1056,9,MINOR
1057,2,MAJOR
1059,5,MAJOR
1059,6,MAJOR
1059,7,MINOR
1060,4,MAJOR
1060,8,MAJOR
1062,8,MAJOR
1064,1,MAJOR
1064,8,MAJOR
1064,3,MINOR
1066,1,MAJOR
1066,2,MAJOR
1066,3,MINOR
1067,5,MAJOR
1068,6,MAJOR
1068,3,MINOR
1069,5,MAJOR
1070,5,MAJOR
1070,7,MAJOR
1070,3,MINOR
1071,2,MAJOR
1071,4,MAJOR
1072,1,MAJOR
1072,7,MAJOR
1073,6,MAJOR
1074,1,MAJOR
1077,8,MAJOR
1078,8,MAJOR
1079,8,MAJOR
1079,3,MINOR
1081,5,MAJOR
1081,7,MINOR
1082,1,MAJOR
1082,6,MAJOR
1084,4,MAJOR
1084,9,MAJOR
1086,1,MAJOR
1086,2,MINOR
1087,4,MAJOR
1088,1,MAJOR
1088,2,MINOR
1089,5,MAJOR
1093,9,MAJOR
1094,8,MAJOR
1096,1,MAJOR
1099,6,MAJOR
1100,3,MAJOR
1101,3,MAJOR
1103,8,MAJOR
1105,5,MAJOR
1105,6,MAJOR
1106,3,MAJOR
1107,3,MAJOR
1107,7,MAJOR
1107,5,MINOR
1109,7,MAJOR
1111,2,MAJOR
1111,3,MINOR
1112,1,MAJOR
1112,2,MAJOR
1113,5,MAJOR
1114,8,MAJOR
1115,2,MAJOR
1115,5,MAJOR
1117,4,MAJOR
1117,3,MINOR
1119,8,MAJOR
1120,5,MAJOR
1121,2,MAJOR
1122,6,MAJOR
1122,8,MAJOR
1122,2,MINOR
1123,6,MAJOR
1126,5,MAJOR
1126,9,MAJOR
1127,2,MAJOR
1128,9,MAJOR
1129,6,MAJOR
1131,5,MAJOR
1131,8,MAJOR
1132,8,MAJOR
1134,5,MAJOR
1135,3,MAJOR
1136,1,MAJOR
1136,4,MINOR
1137,4,MAJOR
1137,7,MINOR
1138,2,MAJOR
1139,5,MAJOR
1140,2,MAJOR
1141,4,MAJOR
1141,9,MAJOR
1142,6,MAJOR
1142,9,MAJOR
1143,7,MAJOR
1143,5,MINOR
1144,8,MAJOR
1144,9,MAJOR
1145,2,MAJOR
1146,1,MAJOR
1147,9,MAJOR
1148,1,MAJOR
1150,8,MAJOR
1151,1,MAJOR
1151,6,MINOR
1152,8,MAJOR
1152,2,MINOR
1153,3,MAJOR
1157,4,MAJOR
1158,4,MAJOR
1158,8,MAJOR
1160,9,MAJOR
1162,2,MAJOR
1162,6,MAJOR
1163,1,MAJOR
1163,5,MAJOR
1164,3,MAJOR
1165,6,MAJOR
1166,2,MAJOR
1166,7,MINOR
1167,1,MAJOR
1168,4,MAJOR
1168,8,MAJOR
1169,7,MAJOR
1170,8,MAJOR
1170,9,MAJOR
1170,4,MINOR
1171,4,MAJOR
1172,5,MAJOR
1174,7,MAJOR
1176,2,MAJOR
1176,4,MAJOR
1178,6,MAJOR
1182,1,MAJOR
1182,9,MAJOR
1184,1,MAJOR
1185,1,MAJOR
1185,5,MAJOR
1186,2,MAJOR
1187,5,MAJOR
1188,4,MAJOR
1188,5,MAJOR
1190,3,MAJOR
1190,4,MAJOR
1191,1,MAJOR
1192,5,MAJOR
1193,6,MAJOR
1193,8,MAJOR
1195,1,MAJOR
1195,4,MAJOR
1196,5,MAJOR
1196,8,MAJOR
1196,2,MINOR
1198,9,MAJOR
1200,1,MAJOR
1201,7,MAJOR
1202,3,MAJOR
1202,4,MAJOR
1203,3,MAJOR
1203,6,MAJOR
1203,1,MINOR
1204,5,MAJOR
1204,9,MINOR
1208,4,MAJOR
1208,7,MAJOR
1209,2,MAJOR
1210,4,MAJOR
1210,3,MINOR
1211,2,MAJOR
1211,9,MAJOR
1214,2,MAJOR
1214,6,MAJOR
1214,5,MINOR
1216,3,MAJOR
1216,8,MINOR
1218,1,MAJOR
1219,1,MAJOR
1219,7,MAJOR
1219,9,MINOR
1220,2,MAJOR
1220,4,MAJOR
1221,2,MAJOR
1222,1,MAJOR
1222,9,MAJOR
1223,8,MAJOR
1226,7,MAJOR
1226,3,MINOR
1227,6,MAJOR
1228,9,MAJOR
1231,8,MAJOR
1232,5,MAJOR
1233,6,MAJOR
1234,4,MAJOR
1234,7,MAJOR
1235,4,MAJOR
1235,7,MAJOR
1236,2,MAJOR
1236,9,MAJOR
1237,8,MAJOR
1238,6,MAJOR
1238,3,MINOR
1239,7,MAJOR
1239,5,MINOR
1240,9,MAJOR
1241,2,MAJOR
1241,3,MINOR
1245,3,MAJOR
1246,2,MAJOR
1248,8,MAJOR
1249,2,MAJOR
1250,8,MAJOR
1250,7,MINOR
1251,4,MAJOR
1252,2,MAJOR
1252,9,MAJOR
1253,8,MAJOR
1253,9,MAJOR
1254,5,MAJOR
1255,4,MAJOR
1255,7,MINOR
1256,5,MAJOR
1257,2,MAJOR
1257,8,MINOR
1258,9,MAJOR
1259,2,MAJOR
1259,9,MINOR
1261,9,MAJOR
1263,2,MAJOR
1265,7,MAJOR
1266,1,MAJOR
1266,6,MAJOR
1266,4,MINOR
1267,7,MAJOR
1268,3,MAJOR
1268,7,MAJOR
1269,2,MAJOR
1269,8,MINOR
1270,1,MAJOR
1271,9,MAJOR
1271,6,MINOR
1272,1,MAJOR
1272,3,MAJOR
1273,7,MAJOR
1274,1,MAJOR
1274,5,MAJOR
1274,3,MINOR
1277,4,MAJOR
1277,6,MAJOR
1278,2,MAJOR
1278,6,MAJOR
1278,1,MINOR
1279,1,MAJOR
1279,8,MAJOR
1279,2,MINOR
1281,7,MAJOR
1282,1,MAJOR
1282,9,MAJOR
1283,7,MAJOR
1285,3,MAJOR
1285,7,MAJOR
1286,1,MAJOR
1286,7,MINOR
1290,6,MAJOR
1291,7,MAJOR
1292,3,MAJOR
1293,3,MAJOR
1293,2,MINOR
1294,1,MAJOR
1295,7,MAJOR
1295,9,MAJOR
1296,2,MAJOR
1296,4,MAJOR
1297,4,MAJOR
1298,7,MAJOR
1299,9,MAJOR
1299,6,MINOR
1300,2,MAJOR
1302,3,MAJOR
1303,6,MAJOR
1303,8,MAJOR
1304,5,MAJOR
1304,9,MAJOR
1304,4,MINOR
1305,1,MAJOR
1305,8,MINOR
1306,1,MAJOR
1308,1,MAJOR
1310,1,MAJOR
1312,1,MAJOR
1315,2,MAJOR
1315,8,MAJOR
1316,8,MAJOR
1317,9,MAJOR
1318,3,MAJOR
1318,4,MAJOR
1319,1,MAJOR
1319,5,MAJOR
1321,3,MAJOR
1322,7,MAJOR
1322,9,MINOR
1323,7,MAJOR
1323,3,MINOR
1324,7,MAJOR
1325,3,MAJOR
1327,3,MAJOR
1327,9,MAJOR
1328,6,MAJOR
1328,3,MINOR
1331,9,MAJOR
1332,1,MAJOR
1332,4,MAJOR
1332,7,MINOR
1333,5,MAJOR
1334,9,MAJOR
1335,5,MAJOR
1336,8,MAJOR
1337,5,MAJOR
1339,9,MAJOR
1341,5,MAJOR
1343,3,MAJOR
1344,8,MAJOR
1345,5,MAJOR
1345,9,MAJOR
1345,3,MINOR
1346,8,MAJOR
1347,5,MAJOR
1348,1,MAJOR
1348,7,MAJOR
1349,8,MAJOR
1350,5,MAJOR
1350,8,MAJOR
1351,1,MAJOR
1351,3,MAJOR
1352,4,MAJOR
1352,7,MAJOR
1354,3,MAJOR
1354,9,MINOR
1355,3,MAJOR
1358,1,MAJOR
1359,2,MAJOR
1360,1,MAJOR
1361,4,MAJOR
1361,7,MAJOR
1361,1,MINOR
1362,1,MAJOR
1362,2,MAJOR
1362,4,MINOR
1365,2,MAJOR
1365,3,MAJOR
1366,5,MAJOR
1366,7,MAJOR
1368,5,MAJOR
1368,7,MAJOR
1368,6,MINOR
1369,7,MAJOR
1370,9,MAJOR
1371,4,MAJOR
1372,4,MAJOR
1374,1,MAJOR
1374,5,MAJOR
1376,4,MAJOR
1376,6,MAJOR
1378,5,MAJOR
1379,4,MAJOR
1379,8,MINOR
1381,5,MAJOR
1382,9,MAJOR
1383,6,MAJOR
1383,9,MAJOR
1384,4,MAJOR
1384,9,MAJOR
1385,9,MAJOR
1386,5,MAJOR
1387,3,MAJOR
1388,5,MAJOR
1389,3,MAJOR
1390,6,MAJOR
1393,1,MAJOR
1395,5,MAJOR
1397,1,MAJOR
1398,1,MAJOR
1399,7,MAJOR
1400,5,MAJOR
1401,1,MAJOR
1402,5,MAJOR
1403,7,MAJOR
1404,1,MAJOR
1405,2,MAJOR
1405,7,MAJOR
1409,2,MAJOR
1409,9,MAJOR
1410,1,MAJOR
1410,4,MAJOR
1411,4,MAJOR
1411,2,MINOR
1412,6,MAJOR
1412,4,MINOR
1413,2,MAJOR
1414,4,MAJOR
1414,6,MAJOR
1418,5,MAJOR
1418,9,MAJOR
1421,4,MAJOR
1422,3,MAJOR
1422,7,MAJOR
1423,2,MAJOR
1423,7,MAJOR
1424,2,MAJOR
1424,7,MAJOR
1424,6,MINOR
1425,1,MAJOR
1425,3,MAJOR
1426,4,MAJOR
1426,6,MAJOR
1427,7,MAJOR
1427,9,MAJOR
1429,7,MAJOR
1430,5,MAJOR
1431,3,MAJOR
1432,1,MAJOR
1433,8,MAJOR
1433,9,MAJOR
1434,9,MAJOR
1434,3,MINOR
1435,2,MAJOR
1435,6,MAJOR
1438,1,MAJOR
1439,4,MAJOR
1441,3,MAJOR
1441,8,MAJOR
1442,6,MAJOR
1443,1,MAJOR
1443,6,MAJOR
1444,9,MAJOR
1444,7,MINOR
1445,2,MAJOR
1445,9,MAJOR
1446,1,MAJOR
1447,1,MAJOR
1447,3,MAJOR
1448,5,MAJOR
1449,5,MAJOR
1450,8,MAJOR
1450,9,MAJOR
1450,4,MINOR
1453,9,MAJOR
1453,8,MINOR
1454,2,MAJOR
1456,3,MAJOR
1457,7,MAJOR
1460,7,MAJOR
1461,1,MAJOR
1461,2,MAJOR
1463,9,MAJOR
1464,2,MAJOR
1464,8,MAJOR
1465,2,MAJOR
1466,4,MAJOR
1466,5,MAJOR
1467,3,MAJOR
1468,8,MAJOR
1468,9,MAJOR
1468,2,MINOR
1469,6,MAJOR
1470,8,MAJOR
1472,7,MAJOR
1473,6,MAJOR
1474,6,MAJOR
1476,2,MAJOR
1476,3,MAJOR
1476,5,MINOR
1478,9,MAJOR
1479,8,MAJOR
1482,3,MAJOR
1483,8,MAJOR
1485,9,MAJOR
1485,6,MINOR
1486,1,MAJOR
1486,4,MAJOR
1486,3,MINOR
1490,5,MAJOR
1491,2,MAJOR
1491,7,MAJOR
1492,4,MAJOR
1493,2,MAJOR
1493,4,MAJOR
1494,3,MAJOR
1494,4,MAJOR
1496,4,MAJOR
1497,3,MAJOR
1498,3,MAJOR
1499,2,MAJOR
1499,8,MAJOR
1500,1,MAJOR
1500,8,MINOR
1501,7,MAJOR
1501,4,MINOR
1502,2,MAJOR
1503,5,MAJOR
1503,7,MAJOR
1504,1,MAJOR
1505,7,MAJOR
1506,5,MAJOR
1507,2,MAJOR
1507,7,MAJOR
1508,4,MAJOR
1509,5,MAJOR
1511,8,MAJOR
1513,8,MAJOR
1514,3,MAJOR
1515,6,MAJOR
1515,7,MAJOR
1517,1,MAJOR
1517,9,MINOR
1518,1,MAJOR
1519,7,MAJOR
1519,9,MAJOR
1522,2,MAJOR
1522,8,MINOR
1523,1,MAJOR
1523,9,MAJOR
1523,4,MINOR
1524,2,MAJOR
1524,3,MINOR
1525,6,MAJOR
1525,5,MINOR
1526,3,MAJOR
1529,6,MAJOR
1529,8,MAJOR
1530,1,MAJOR
1530,5,MAJOR
1531,2,MAJOR
1531,5,MAJOR
1537,7,MAJOR
1538,1,MAJOR
1539,1,MAJOR
1539,5,MAJOR
1540,4,MAJOR
1540,5,MINOR
1542,8,MAJOR
1544,3,MAJOR
1544,7,MAJOR
1547,1,MAJOR
1547,6,MAJOR
1548,9,MAJOR
1549,6,MAJOR
1549,9,MAJOR
1550,9,MAJOR
1550,4,MINOR
1552,8,MAJOR
1553,7,MAJOR
1554,1,MAJOR
1554,4,MINOR
1555,7,MAJOR
1556,3,MAJOR
1556,5,MAJOR
1557,9,MAJOR
1558,6,MAJOR
1558,7,MAJOR
1559,2,MAJOR
1559,9,MAJOR
1560,1,MAJOR
1560,9,MINOR
1563,1,MAJOR
1563,4,MAJOR
1563,2,MINOR
1564,1,MAJOR
1567,9,MAJOR
1568,2,MAJOR
1570,7,MAJOR
1570,8,MAJOR
1570,2,MINOR
1571,2,MAJOR
1575,1,MAJOR
1575,7,MAJOR
1576,3,MAJOR
1578,6,MAJOR
1578,8,MAJOR
1578,4,MINOR
1579,9,MAJOR
1579,2,MINOR
1580,5,MAJOR
1581,1,MAJOR
1581,5,MAJOR
1585,7,MAJOR
1587,8,MAJOR
1588,7,MAJOR
1589,4,MAJOR
1589,5,MINOR
1590,3,MAJOR
1590,8,MAJOR
1593,2,MAJOR
1593,4,MAJOR
1594,4,MAJOR
1594,1,MINOR
1595,2,MAJOR
1597,9,MAJOR
1598,1,MAJOR
1599,2,MAJOR
1599,5,MAJOR
1600,9,MAJOR
1601,6,MAJOR
1601,7,MAJOR
1602,4,MAJOR
1603,5,MAJOR
1604,3,MAJOR
1604,9,MAJOR
1607,6,MAJOR
1608,6,MAJOR
1609,9,MAJOR
1610,7,MAJOR
1610,9,MAJOR
1611,6,MAJOR
1612,2,MAJOR
1612,8,MINOR
1613,8,MAJOR
1614,5,MAJOR
1614,8,MAJOR
1616,8,MAJOR
1617,6,MAJOR
1619,4,MAJOR
1619,7,MINOR
1620,9,MAJOR
1621,4,MAJOR
1621,9,MAJOR
1622,6,MAJOR
1623,8,MAJOR
1624,5,MAJOR
1624,9,MAJOR
1626,1,MAJOR
1626,3,MINOR
1627,8,MAJOR
1628,5,MAJOR
1631,8,MAJOR
1632,1,MAJOR
1633,7,MAJOR
1634,5,MAJOR
1634,8,MAJOR
1636,2,MAJOR
1636,4,MAJOR
1637,4,MAJOR
1638,6,MAJOR
1641,5,MAJOR
1641,2,MINOR
1642,6,MAJOR
1642,5,MINOR
1643,7,MAJOR
1643,9,MAJOR
1644,8,MAJOR
1645,5,MAJOR
1647,7,MAJOR
1647,9,MINOR
1648,3,MAJOR
1648,8,MINOR
1650,1,MAJOR
1651,2,MAJOR
1651,9,MINOR
1652,4,MAJOR
1653,7,MAJOR
1654,4,MAJOR
1654,3,MINOR
1655,1,MAJOR
1655,2,MAJOR
1656,4,MAJOR
1657,1,MAJOR
1658,2,MAJOR
1660,3,MAJOR
1662,2,MAJOR
1662,8,MAJOR
1665,4,MAJOR
1665,8,MAJOR
1665,2,MINOR
1666,2,MAJOR
1667,5,MAJOR
1669,7,MAJOR
1670,6,MAJOR
1671,4,MAJOR
1672,2,MAJOR
1673,1,MAJOR
1673,2,MAJOR
1674,5,MAJOR
1674,6,MAJOR
1675,6,MAJOR
1676,8,MAJOR
1677,2,MAJOR
1678,2,MAJOR
1682,3,MAJOR
1682,9,MAJOR
1683,4,MAJOR
1683,9,MAJOR
1683,8,MINOR
1685,4,MAJOR
1686,5,MAJOR
1686,9,MINOR
1688,6,MAJOR
1688,9,MAJOR
1690,1,MAJOR
1690,2,MINOR
1691,3,MAJOR
1691,9,MAJOR
1692,7,MAJOR
1693,1,MAJOR
1693,7,MAJOR
1694,1,MAJOR
1694,3,MAJOR
1695,2,MAJOR
1695,7,MAJOR
1695,3,MINOR
1697,1,MAJOR
1697,9,MAJOR
1697,2,MINOR
1698,3,MAJOR
1698,7,MAJOR
1699,6,MAJOR
1700,6,MAJOR
1701,8,MAJOR
1701,2,MINOR
1702,1,MAJOR
1702,5,MAJOR
1703,1,MAJOR
1703,7,MINOR
1704,3,MAJOR
1704,4,MAJOR
1705,4,MAJOR
1706,1,MAJOR
1709,1,MAJOR
1709,3,MINOR
1710,5,MAJOR
1711,8,MAJOR
1712,2,MAJOR
1712,6,MAJOR
1713,5,MAJOR
1713,2,MINOR
1714,1,MAJOR
1714,4,MINOR
1717,5,MAJOR
1717,7,MAJOR
1717,2,MINOR
1718,1,MAJOR
1719,2,MAJOR
1719,3,MAJOR
1720,2,MAJOR
1721,1,MAJOR
1721,4,MAJOR
1721,2,MINOR
1722,9,MAJOR
1724,7,MAJOR
1726,3,MAJOR
1726,4,MAJOR
1728,3,MAJOR
1729,6,MAJOR
1729,9,MINOR
1730,7,MAJOR
1730,9,MINOR
1731,7,MAJOR
1731,8,MAJOR
1732,8,MAJOR
1734,6,MAJOR
1735,1,MAJOR
1735,2,MAJOR
1737,2,MAJOR
1738,2,MAJOR
1739,9,MAJOR
1739,4,MINOR
1740,1,MAJOR
1740,3,MAJOR
1741,8,MAJOR
1743,2,MAJOR
1743,9,MINOR
1748,1,MAJOR
1748,4,MAJOR
1749,2,MAJOR
1751,9,MAJOR
1757,7,MAJOR
1759,6,MAJOR
1761,7,MAJOR
1765,6,MAJOR
1767,8,MAJOR
1767,6,MINOR
1769,1,MAJOR
1771,4,MAJOR
1771,9,MAJOR
1772,7,MAJOR
1775,8,MAJOR
1777,9,MAJOR
1777,6,MINOR
1778,6,MAJOR
1778,7,MAJOR
1778,1,MINOR
1779,7,MAJOR
1780,9,MAJOR
1781,4,MAJOR
1781,8,MAJOR
1781,2,MINOR
1782,2,MAJOR
1782,8,MAJOR
1783,4,MAJOR
1784,1,MAJOR
1784,9,MAJOR
1786,5,MAJOR
1786,9,MAJOR
1787,3,MAJOR
1787,6,MAJOR
1788,2,MAJOR
1789,3,MAJOR
1790,7,MAJOR
1790,5,MINOR
1791,4,MAJOR
1792,1,MAJOR
1793,8,MAJOR
1794,4,MAJOR
1794,6,MAJOR
1796,6,MAJOR
1796,9,MAJOR
1796,4,MINOR
1797,8,MAJOR
1798,6,MAJOR
1798,9,MINOR
1799,6,MAJOR
1800,7,MAJOR
1801,4,MAJOR
1802,1,MAJOR
1802,5,MAJOR
1804,4,MAJOR
1804,7,MAJOR
1805,3,MAJOR
1806,3,MAJOR
1806,8,MAJOR
1806,2,MINOR
1808,5,MAJOR
1808,3,MINOR
1810,1,MAJOR
1811,4,MAJOR
1811,9,MAJOR
1812,4,MAJOR
1812,6,MAJOR
1813,2,MAJOR
1813,6,MAJOR
1814,5,MAJOR
1814,9,MAJOR
1815,4,MAJOR
1816,5,MAJOR
1817,2,MAJOR
1817,9,MAJOR
1818,6,MAJOR
1823,2,MAJOR
1824,4,MAJOR
1825,6,MAJOR
1825,7,MINOR
1828,3,MAJOR
1828,9,MAJOR
1828,1,MINOR
1829,4,MAJOR
1829,3,MINOR
1831,7,MAJOR
1831,3,MINOR
1833,7,MAJOR
1833,9,MINOR
1835,2,MAJOR
1835,3,MAJOR
1836,8,MAJOR
1837,7,MAJOR
1837,5,MINOR
1838,8,MAJOR
1838,4,MINOR
1839,4,MAJOR
1839,9,MINOR
1840,3,MAJOR
1841,3,MAJOR
1841,6,MAJOR
1842,2,MAJOR
1843,3,MAJOR
1843,5,MAJOR
1844,1,MAJOR
1844,6,MAJOR
1844,3,MINOR
1846,5,MAJOR
1847,4,MAJOR
1848,5,MAJOR
1848,7,MAJOR
1848,6,MINOR
1849,5,MAJOR
1850,2,MAJOR
1851,1,MAJOR
1851,8,MAJOR
1852,2,MAJOR
1855,3,MAJOR
1855,8,MAJOR
1855,1,MINOR
1857,5,MAJOR
1857,8,MAJOR
1858,5,MAJOR
1858,8,MINOR
1859,4,MAJOR
1860,6,MAJOR
1860,2,MINOR
1861,5,MAJOR
1861,9,MAJOR
1863,8,MAJOR
1864,7,MAJOR
1865,5,MAJOR
1865,6,MAJOR
1865,4,MINOR
1866,2,MAJOR
1866,3,MAJOR
1868,2,MAJOR
1869,2,MAJOR
1869,3,MAJOR
1869,9,MINOR
1872,8,MAJOR
1872,2,MINOR
1873,4,MAJOR
1875,2,MAJOR
1875,8,MAJOR
1875,6,MINOR
1876,6,MAJOR
1876,9,MINOR
1879,9,MAJOR
1879,2,MINOR
1882,8,MAJOR
1887,7,MAJOR
1889,6,MAJOR
1890,5,MAJOR
1891,4,MAJOR
1892,1,MAJOR
1892,6,MAJOR
1892,8,MINOR
1893,6,MAJOR
1894,6,MAJOR
1896,8,MAJOR
1896,5,MINOR
1897,1,MAJOR
1897,5,MAJOR
1899,2,MAJOR
1900,5,MAJOR
1901,3,MAJOR
1901,9,MAJOR
1902,1,MAJOR
1902,2,MINOR
1903,7,MAJOR
1904,8,MAJOR
1904,1,MINOR
1905,8,MAJOR
1906,7,MAJOR
1907,6,MAJOR
1908,5,MAJOR
1908,7,MINOR
1909,2,MAJOR
1909,3,MAJOR
1910,4,MAJOR
1911,1,MAJOR
1912,5,MAJOR
1912,7,MAJOR
1916,1,MAJOR
1918,8,MAJOR
1918,9,MINOR
1920,8,MAJOR
1920,7,MINOR
1921,3,MAJOR
1922,1,MAJOR
1923,8,MAJOR
1923,9,MAJOR
1923,6,MINOR
1924,1,MAJOR
1925,9,MAJOR
1926,2,MAJOR
1926,7,MAJOR
1927,5,MAJOR
1927,2,MINOR
1928,9,MAJOR
1930,1,MAJOR
1930,2,MAJOR
1931,3,MAJOR
1931,9,MAJOR
1932,2,MAJOR
1933,8,MAJOR
1934,1,MAJOR
1935,7,MAJOR
1936,8,MAJOR
1937,6,MAJOR
1939,7,MAJOR
1939,9,MINOR
1940,4,MAJOR
1941,5,MAJOR
1943,4,MAJOR
1944,7,MAJOR
1944,4,MINOR
1946,1,MAJOR
1946,4,MAJOR
1947,8,MAJOR
1952,5,MAJOR
1953,7,MAJOR
1953,9,MAJOR
1954,9,MAJOR
1956,2,MAJOR
1956,8,MAJOR
1956,4,MINOR
1957,2,MAJOR
1958,7,MAJOR
1959,9,MAJOR
1960,6,MAJOR
1961,3,MAJOR
1961,4,MAJOR
1963,4,MAJOR
1963,6,MAJOR
1964,1,MAJOR
1964,4,MAJOR
1965,6,MAJOR
1965,8,MAJOR
1968,4,MAJOR
1968,6,MINOR
1970,2,MAJOR
1970,7,MINOR
1971,8,MAJOR
1974,4,MAJOR
1974,5,MAJOR
1975,8,MAJOR
1975,2,MINOR
1977,2,MAJOR
1977,5,MINOR
1978,8,MAJOR
1980,3,MAJOR
1980,5,MAJOR
1982,2,MAJOR
1983,2,MAJOR
1983,4,MAJOR
1983,9,MINOR
1986,4,MAJOR
1987,1,MAJOR
1988,8,MAJOR
1990,3,MAJOR
1991,2,MAJOR
1991,5,MAJOR
1992,6,MAJOR
1992,9,MAJOR
1993,1,MAJOR
1993,8,MINOR
1994,1,MAJOR
1994,2,MINOR
1995,9,MAJOR
1996,2,MAJOR
1997,2,MAJOR
1997,7,MINOR
1998,7,MAJOR
1998,9,MAJOR
1999,6,MAJOR
1999,8,MAJOR
2000,4,MAJOR
2000,5,MINOR
2001,6,MAJOR
2002,1,MAJOR
2002,3,MAJOR
2002,9,MINOR
2005,2,MAJOR
2005,8,MINOR
2007,7,MAJOR
2008,2,MAJOR
2009,6,MAJOR
2010,1,MAJOR
2010,2,MAJOR
2011,2,MAJOR
2013,5,MAJOR
2013,4,MINOR
2014,1,MAJOR
2014,2,MAJOR
2015,7,MAJOR
2016,8,MAJOR
2017,6,MAJOR
2019,3,MAJOR
2020,6,MAJOR
2021,3,MAJOR
2024,2,MAJOR
2026,7,MAJOR
2026,8,MAJOR
2026,2,MINOR
2031,7,MAJOR
2032,3,MAJOR
2033,5,MAJOR
2034,8,MAJOR
2035,8,MAJOR
2037,5,MAJOR
2037,7,MINOR
2038,2,MAJOR
2039,4,MAJOR
2039,6,MAJOR
2041,7,MAJOR
2041,9,MAJOR
2042,3,MAJOR
2042,9,MINOR
2045,2,MAJOR
2046,3,MAJOR
2047,2,MAJOR
2047,9,MINOR
2048,8,MAJOR
2048,9,MAJOR
2048,3,MINOR
2049,1,MAJOR
2050,5,MAJOR
2051,7,MAJOR
2051,9,MAJOR
2053,4,MAJOR
2056,7,MAJOR
2058,9,MAJOR
2059,5,MAJOR
2060,5,MAJOR
2060,9,MINOR
2063,9,MAJOR
2063,5,MINOR
2064,8,MAJOR
2064,9,MAJOR
2064,1,MINOR
2065,1,MAJOR
2065,9,MINOR
2067,1,MAJOR
2067,5,MINOR
2068,2,MAJOR
2068,9,MAJOR
2069,1,MAJOR
2069,6,MAJOR
2069,3,MINOR
2074,2,MAJOR
2074,6,MAJOR
2074,8,MINOR
2075,7,MAJOR
2076,3,MAJOR
2076,9,MAJOR
2076,4,MINOR
2077,8,MAJOR
2078,3,MAJOR
2078,7,MAJOR
2079,3,MAJOR
2079,6,MAJOR
2079,7,MINOR
2080,4,MAJOR
2080,7,MAJOR
2081,8,MAJOR
2083,1,MAJOR
2083,2,MAJOR
2083,8,MINOR
2085,1,MAJOR
2085,8,MAJOR
2085,4,MINOR
2086,3,MAJOR
2086,9,MINOR
2088,8,MAJOR
2088,9,MAJOR
2088,5,MINOR
2089,9,MAJOR
2091,2,MAJOR
2091,6,MAJOR
2091,9,MINOR
2092,3,MAJOR
2092,6,MAJOR
2093,5,MAJOR
2094,4,MAJOR
2096,5,MAJOR
2098,4,MAJOR
2101,3,MAJOR
2102,9,MAJOR
2103,3,MAJOR
2103,7,MAJOR
2103,4,MINOR
2105,3,MAJOR
2105,9,MINOR
2106,4,MAJOR
2108,7,MAJOR
2110,2,MAJOR
2111,5,MAJOR
2113,1,MAJOR
2114,5,MAJOR
2114,6,MAJOR
2116,5,MAJOR
2116,7,MINOR
2118,5,MAJOR
2118,7,MAJOR
2118,8,MINOR
2119,7,MAJOR
2119,3,MINOR
2120,3,MAJOR
2120,8,MAJOR
2121,9,MAJOR
2121,1,MINOR
2123,8,MAJOR
2125,3,MAJOR
2126,1,MAJOR
2126,4,MAJOR
2126,7,MINOR
2127,6,MAJOR
2127,8,MAJOR
2128,4,MAJOR
2128,9,MAJOR
2128,3,MINOR
2129,1,MAJOR
2129,7,MAJOR
2129,2,MINOR
2130,4,MAJOR
2131,1,MAJOR
2131,7,MAJOR
2132,1,MAJOR
2132,4,MAJOR
2132,9,MINOR
2133,1,MAJOR
2133,6,MINOR
2134,2,MAJOR
2134,7,MAJOR
2134,6,MINOR
2138,3,MAJOR
2138,4,MAJOR
2141,7,MAJOR
2141,8,MAJOR
2141,3,MINOR
2142,9,MAJOR
2142,5,MINOR
2143,4,MAJOR
2143,5,MAJOR
2143,3,MINOR
2144,9,MAJOR
2145,4,MAJOR
2147,1,MAJOR
2147,8,MAJOR
2148,4,MAJOR
2148,5,MAJOR
2148,6,MINOR
2149,5,MAJOR
2149,9,MAJOR
2149,6,MINOR
2150,4,MAJOR
2150,2,MINOR
2152,2,MAJOR
2153,9,MAJOR
2154,4,MAJOR
2155,5,MAJOR
2160,3,MAJOR
2160,9,MAJOR
2160,4,MINOR
2161,6,MAJOR
2161,8,MAJOR
2161,7,MINOR
2162,2,MAJOR
2162,4,MAJOR
2163,1,MAJOR
2163,9,MAJOR
2163,8,MINOR
2164,1,MAJOR
2164,8,MINOR
2165,7,MAJOR
2167,3,MAJOR
2167,7,MAJOR
2168,1,MAJOR
2168,6,MAJOR
2169,8,MAJOR
2169,3,MINOR
2171,7,MAJOR
2171,8,MAJOR
2172,3,MAJOR
2173,9,MAJOR
2174,9,MAJOR
2175,3,MAJOR
2175,4,MAJOR
2175,7,MINOR
2176,2,MAJOR
2176,3,MAJOR
2177,3,MAJOR
2177,6,MAJOR
2177,2,MINOR
2178,5,MAJOR
2178,9,MINOR
2179,5,MAJOR
2179,9,MINOR
2180,1,MAJOR
2180,4,MAJOR
2180,9,MINOR
2181,2,MAJOR
2182,8,MAJOR
2184,6,MAJOR
2186,6,MAJOR
2186,8,MAJOR
2187,7,MAJOR
2187,8,MAJOR
2188,1,MAJOR
2188,6,MAJOR
2189,5,MAJOR
2189,7,MAJOR
2189,9,MINOR
2190,1,MAJOR
2190,7,MINOR
2191,4,MAJOR
2193,9,MAJOR
2194,1,MAJOR
2194,6,MAJOR
2197,4,MAJOR
2197,7,MAJOR
2198,7,MAJOR
2198,9,MAJOR
2199,3,MAJOR
2199,2,MINOR
2200,8,MAJOR
2201,1,MAJOR
2204,7,MAJOR
2204,6,MINOR
2206,1,MAJOR
2206,7,MAJOR
2207,6,MAJOR
2208,2,MAJOR
2209,8,MAJOR
2211,8,MAJOR
2211,6,MINOR
2212,2,MAJOR
2212,6,MINOR
2213,1,MAJOR
2213,3,MINOR
2214,7,MAJOR
2214,8,MAJOR
2215,2,MAJOR
2215,5,MAJOR
2215,7,MINOR
2216,2,MAJOR
2216,6,MAJOR
2217,3,MAJOR
2217,4,MAJOR
2218,4,MAJOR
2218,6,MAJOR
2221,6,MAJOR
2223,1,MAJOR
2223,8,MINOR
2224,9,MAJOR
2226,6,MAJOR
2226,7,MINOR
2228,5,MAJOR
2228,9,MAJOR
2229,8,MAJOR
2230,2,MAJOR
2230,5,MAJOR
2232,5,MAJOR
2233,3,MAJOR
2233,4,MAJOR
2234,9,MAJOR
2235,8,MAJOR
2236,1,MAJOR
2236,3,MAJOR
2237,2,MAJOR
2238,6,MAJOR
2239,5,MAJOR
2240,7,MAJOR
2243,2,MAJOR
2243,7,MINOR
2245,1,MAJOR
2245,7,MINOR
2247,8,MAJOR
2247,9,MAJOR
2248,2,MAJOR
2248,9,MAJOR
2249,9,MAJOR
2250,8,MAJOR
2250,4,MINOR
2252,1,MAJOR
2254,4,MAJOR
2255,7,MAJOR
2256,3,MAJOR
2256,9,MINOR
2257,8,MAJOR
2258,5,MAJOR
2259,4,MAJOR
2260,1,MAJOR
2261,6,MAJOR
2267,1,MAJOR
2267,7,MAJOR
2269,2,MAJOR
2270,8,MAJOR
2271,7,MAJOR
2272,1,MAJOR
2272,8,MAJOR
2274,7,MAJOR
2275,1,MAJOR
2276,5,MAJOR
2277,1,MAJOR
2277,6,MAJOR
2279,5,MAJOR
2280,1,MAJOR
2280,3,MAJOR
2281,9,MAJOR
2282,8,MAJOR
2283,7,MAJOR
2283,6,MINOR
2284,1,MAJOR
2284,4,MAJOR
2285,9,MAJOR
2286,6,MAJOR
2286,3,MINOR
2288,8,MAJOR
2290,1,MAJOR
2290,8,MINOR
2292,5,MAJOR
2293,3,MAJOR
2293,8,MAJOR
2294,4,MAJOR
2295,9,MAJOR
2295,5,MINOR
2296,7,MAJOR
2296,2,MINOR
2297,7,MAJOR
2298,4,MAJOR
2299,4,MAJOR
2299,5,MAJOR
2300,7,MAJOR
2302,2,MAJOR
2303,9,MAJOR
2305,4,MAJOR
2305,8,MAJOR
2305,9,MINOR
2306,9,MAJOR
2308,6,MAJOR
2309,3,MAJOR
2309,2,MINOR
2311,6,MAJOR
2312,2,MAJOR
2313,7,MAJOR
2313,9,MAJOR
2314,7,MAJOR
2315,5,MAJOR
2316,8,MAJOR
2316,3,MINOR
2317,8,MAJOR
2318,9,MAJOR
2319,5,MAJOR
2319,4,MINOR
2320,4,MAJOR
2320,8,MINOR
2321,6,MAJOR
2321,7,MAJOR
2323,7,MAJOR
2324,8,MAJOR
2325,2,MAJOR
2326,8,MAJOR
2326,3,MINOR
2327,8,MAJOR
2329,3,MAJOR
2329,5,MAJOR
2330,9,MAJOR
2331,8,MAJOR
2332,4,MAJOR
2332,5,MAJOR
2334,2,MAJOR
2334,9,MAJOR
2335,3,MAJOR
2336,5,MAJOR
2336,7,MAJOR
2337,5,MAJOR
2338,5,MAJOR
2338,7,MINOR
2343,4,MAJOR
2345,2,MAJOR
2345,6,MAJOR
2347,3,MAJOR
2349,3,MAJOR
2349,8,MINOR
2350,8,MAJOR
2351,5,MAJOR
2352,3,MAJOR
2353,9,MAJOR
2357,6,MAJOR
2357,8,MAJOR
2358,8,MAJOR
2359,1,MAJOR
2359,5,MINOR
2361,5,MAJOR
2362,7,MAJOR
2364,6,MAJOR
2364,8,MINOR
2365,6,MAJOR
2365,4,MINOR
2366,5,MAJOR
2366,7,MINOR
2367,9,MAJOR
2367,1,MINOR
2368,2,MAJOR
2370,6,MAJOR
2370,7,MINOR
2373,1,MAJOR
2373,9,MAJOR
2375,3,MAJOR
2376,3,MAJOR
2378,4,MAJOR
2378,6,MAJOR
2378,7,MINOR
2379,9,MAJOR
2380,3,MAJOR
2380,6,MAJOR
2381,9,MAJOR
2385,6,MAJOR
2385,9,MAJOR
2386,3,MAJOR
2386,4,MINOR
2387,1,MAJOR
2387,5,MAJOR
2388,7,MAJOR
2392,5,MAJOR
2392,7,MINOR
2395,6,MAJOR
2395,7,MAJOR
2395,4,MINOR
2396,6,MAJOR
2397,9,MAJOR
2398,1,MAJOR
2398,6,MAJOR
2398,9,MINOR
2399,4,MAJOR
2400,1,MAJOR
2402,2,MAJOR
2403,7,MAJOR
2403,6,MINOR
2405,2,MAJOR
2405,7,MAJOR
2407,7,MAJOR
2408,1,MAJOR
2408,2,MAJOR
2409,6,MAJOR
2409,8,MAJOR
2411,4,MAJOR
2412,8,MAJOR
2412,9,MINOR
2413,8,MAJOR
2414,1,MAJOR
2415,4,MAJOR
2415,7,MINOR
2416,5,MAJOR
2418,3,MAJOR
2418,6,MAJOR
2420,2,MAJOR
2420,4,MAJOR
2421,1,MAJOR
2421,3,MAJOR
2422,1,MAJOR
2422,4,MAJOR
2423,7,MAJOR
2424,1,MAJOR
2425,2,MAJOR
2426,5,MAJOR
2427,6,MAJOR
2427,4,MINOR
2428,6,MAJOR
2430,7,MAJOR
2431,2,MAJOR
2431,8,MINOR
2433,4,MAJOR
2433,5,MAJOR
2433,1,MINOR
2434,1,MAJOR
2434,5,MAJOR
2434,3,MINOR
2435,3,MAJOR
2435,7,MAJOR
2436,3,MAJOR
2436,7,MINOR
2438,1,MAJOR
2439,8,MAJOR
2440,9,MAJOR
2441,7,MAJOR
2442,3,MAJOR
2442,4,MAJOR
2443,7,MAJOR
2444,2,MAJOR
2445,2,MAJOR
2445,6,MAJOR
2446,9,MAJOR
2447,5,MAJOR
2447,8,MAJOR
2448,5,MAJOR
2448,6,MAJOR
2449,3,MAJOR
2449,6,MAJOR
2450,4,MAJOR
2451,1,MAJOR
2451,7,MAJOR
2451,9,MINOR
2453,8,MAJOR
2453,9,MINOR
2454,3,MAJOR
2454,4,MAJOR
2455,1,MAJOR
2455,7,MAJOR
2455,4,MINOR
2456,3,MAJOR
2456,7,MINOR
2457,6,MAJOR
2457,8,MINOR
2458,1,MAJOR
2459,2,MAJOR
2460,2,MAJOR
2460,3,MAJOR
2462,2,MAJOR
2462,5,MAJOR
2462,1,MINOR
2463,2,MAJOR
2465,7,MAJOR
2466,3,MAJOR
2466,6,MAJOR
2468,5,MAJOR
2469,2,MAJOR
2469,6,MAJOR
2470,5,MAJOR
2471,4,MAJOR
2471,7,MAJOR
2471,8,MINOR
2472,9,MAJOR
2473,4,MAJOR
2473,9,MAJOR
2474,2,MAJOR
2475,8,MAJOR
2475,9,MINOR
2476,1,MAJOR
2476,9,MAJOR
2477,7,MAJOR
2478,6,MAJOR
2479,5,MAJOR
2479,3,MINOR
2480,9,MAJOR
2481,2,MAJOR
2484,7,MAJOR
2484,3,MINOR
2485,2,MAJOR
2487,6,MAJOR
2487,7,MINOR
2488,9,MAJOR
2489,4,MAJOR
2490,4,MAJOR
2490,5,MAJOR
2491,3,MAJOR
2494,1,MAJOR
2495,4,MAJOR
2495,5,MAJOR
2496,3,MAJOR
2496,8,MAJOR
2497,4,MAJOR
2498,3,MAJOR
2498,7,MAJOR
2499,1,MAJOR
2499,5,MAJOR
2500,4,MAJOR
2500,5,MAJOR
2501,5,MAJOR
2501,7,MAJOR
2502,5,MAJOR
2502,1,MINOR
2503,8,MAJOR
2504,6,MAJOR
2505,3,MAJOR
2506,8,MAJOR
2506,9,MAJOR
2507,2,MAJOR
2507,6,MAJOR
2508,6,MAJOR
2508,2,MINOR
2509,5,MAJOR
2509,6,MINOR
2512,6,MAJOR
2512,8,MAJOR
2513,8,MAJOR
2514,7,MAJOR
2515,4,MAJOR
2516,5,MAJOR
2516,7,MINOR
2518,2,MAJOR
2518,9,MAJOR
2519,7,MAJOR
2520,6,MAJOR
2521,7,MAJOR
2522,9,MAJOR
2523,6,MAJOR
2523,7,MAJOR
2523,5,MINOR
2524,1,MAJOR
2524,6,MAJOR
2525,1,MAJOR
2526,9,MAJOR
2527,2,MAJOR
2527,6,MAJOR
2527,7,MINOR
2528,1,MAJOR
2529,9,MAJOR
2529,8,MINOR
2530,2,MAJOR
2530,4,MAJOR
2530,5,MINOR
2531,9,MAJOR
2533,6,MAJOR
2533,8,MINOR
2534,5,MAJOR
2535,6,MAJOR
2536,1,MAJOR
2536,4,MAJOR
2537,3,MAJOR
2537,8,MAJOR
2538,1,MAJOR
2538,4,MINOR
2539,5,MAJOR
2541,1,MAJOR
2541,7,MAJOR
2542,2,MAJOR
2542,6,MAJOR
2543,6,MAJOR
2544,7,MAJOR
2546,1,MAJOR
2547,2,MAJOR
2547,9,MAJOR
2548,2,MAJOR
2549,4,MAJOR
2551,9,MAJOR
2551,8,MINOR
2552,8,MAJOR
2553,4,MAJOR
2554,9,MAJOR
2555,8,MAJOR
2555,6,MINOR
2556,7,MAJOR
2557,5,MAJOR
2559,6,MAJOR
2559,8,MAJOR
2560,9,MAJOR
2561,4,MAJOR
2561,9,MAJOR
2562,3,MAJOR
2562,7,MAJOR
2562,1,MINOR
2563,3,MAJOR
2564,1,MAJOR
2565,6,MAJOR
2566,3,MAJOR
2566,5,MAJOR
2566,9,MINOR
2567,8,MAJOR
2567,6,MINOR
2568,2,MAJOR
2568,7,MAJOR
2570,3,MAJOR
2570,1,MINOR
2571,7,MAJOR
2573,1,MAJOR
2573,6,MAJOR
2573,8,MINOR
2575,4,MAJOR
2576,5,MAJOR
2577,4,MAJOR
2578,7,MAJOR
2581,1,MAJOR
2582,5,MAJOR
2582,8,MAJOR
2583,5,MAJOR
2584,5,MAJOR
2584,7,MAJOR
2585,3,MAJOR
2587,3,MAJOR
2587,5,MAJOR
2588,1,MAJOR
2588,4,MAJOR
2589,9,MAJOR
2590,3,MAJOR
2591,3,MAJOR
2591,6,MAJOR
2591,5,MINOR
2593,3,MAJOR
2593,6,MAJOR
2593,7,MINOR
2594,1,MAJOR
2594,4,MAJOR
2594,8,MINOR
2596,4,MAJOR
2597,4,MAJOR
2597,7,MAJOR
2598,6,MAJOR
2600,6,MAJOR
2602,7,MAJOR
2602,8,MINOR
2603,5,MAJOR
2603,9,MAJOR
2604,5,MAJOR
2605,2,MAJOR
2606,8,MAJOR
2607,8,MAJOR
2608,9,MAJOR
2609,4,MAJOR
2609,9,MAJOR
2611,7,MAJOR
2611,5,MINOR
2612,1,MAJOR
2613,6,MAJOR
2613,8,MAJOR
2614,4,MAJOR
2614,7,MAJOR
2614,3,MINOR
2615,2,MAJOR
2616,2,MAJOR
2616,4,MINOR
2618,2,MAJOR
2619,2,MAJOR
2620,9,MAJOR
2621,4,MAJOR
2623,6,MAJOR
2623,1,MINOR
2624,5,MAJOR
2625,6,MAJOR
2626,8,MAJOR
2628,9,MAJOR
2629,1,MAJOR
2629,3,MAJOR
2630,7,MAJOR
2630,9,MAJOR
2631,5,MAJOR
2631,7,MINOR
2632,3,MAJOR
2632,8,MAJOR
2633,6,MAJOR
2634,1,MAJOR
2634,4,MAJOR
2638,1,MAJOR
2639,9,MAJOR
2640,4,MAJOR
2641,1,MAJOR
2642,3,MAJOR
2642,6,MAJOR
2643,4,MAJOR
2643,7,MAJOR
2645,9,MAJOR
2647,1,MAJOR
2647,5,MINOR
2650,7,MAJOR
2651,9,MAJOR
2652,8,MAJOR
2653,6,MAJOR
2654,1,MAJOR
2654,9,MINOR
2655,6,MAJOR
2656,8,MAJOR
2657,1,MAJOR
2657,9,MAJOR
2659,2,MAJOR
2661,1,MAJOR
2662,6,MAJOR
2663,3,MAJOR
2663,4,MAJOR
2665,6,MAJOR
2666,4,MAJOR
2666,5,MAJOR
2667,5,MAJOR
2671,7,MAJOR
2672,1,MAJOR
2673,4,MAJOR
2673,7,MAJOR
2673,1,MINOR
2675,9,MAJOR
2676,6,MAJOR
2676,9,MAJOR
2676,8,MINOR
2679,3,MAJOR
2680,7,MAJOR
2681,3,MAJOR
2681,7,MAJOR
2682,9,MAJOR
2685,5,MAJOR
2685,8,MAJOR
2686,6,MAJOR
2688,6,MAJOR
2688,7,MINOR
2690,4,MAJOR
2691,4,MAJOR
2691,9,MAJOR
2691,2,MINOR
2692,9,MAJOR
2693,7,MAJOR
2693,4,MINOR
2694,2,MAJOR
2695,5,MAJOR
2695,7,MAJOR
2696,3,MAJOR
2696,7,MAJOR
2698,5,MAJOR
2699,5,MAJOR
2699,8,MAJOR
2700,5,MAJOR
2700,3,MINOR
2701,7,MAJOR
2701,2,MINOR
2703,3,MAJOR
2703,8,MAJOR
2703,1,MINOR
2704,5,MAJOR
2705,3,MAJOR
2705,4,MAJOR
2706,2,MAJOR
2706,4,MINOR
2707,4,MAJOR
2708,4,MAJOR
2708,8,MAJOR
2708,3,MINOR
2710,4,MAJOR
2712,4,MAJOR
2712,5,MAJOR
2714,7,MAJOR
2717,1,MAJOR
2717,6,MAJOR
2718,2,MAJOR
2719,1,MAJOR
2719,3,MAJOR
2720,9,MAJOR
2721,4,MAJOR
2721,5,MAJOR
2721,3,MINOR
2723,4,MAJOR
2723,8,MAJOR
2725,8,MAJOR
2726,5,MAJOR
2727,1,MAJOR
2728,4,MAJOR
2728,6,MAJOR
2729,6,MAJOR
2730,4,MAJOR
2730,7,MINOR
2732,1,MAJOR
2732,8,MAJOR
2733,7,MAJOR
2735,5,MAJOR
2736,2,MAJOR
2736,3,MAJOR
2737,7,MAJOR
2738,1,MAJOR
2741,3,MAJOR
2742,2,MAJOR
2745,7,MAJOR
2746,7,MAJOR
2746,9,MAJOR
2748,2,MAJOR
2748,8,MAJOR
2749,3,MAJOR
2752,9,MAJOR
2754,6,MAJOR
2755,9,MAJOR
2756,1,MAJOR
2757,9,MAJOR
2757,5,MINOR
2759,7,MAJOR
2759,8,MAJOR
2760,8,MAJOR
2761,3,MAJOR
2761,9,MINOR
2762,2,MAJOR
2763,2,MAJOR
2763,4,MAJOR
2765,2,MAJOR
2765,4,MAJOR
2765,3,MINOR
2766,7,MAJOR
2770,3,MAJOR
2771,2,MAJOR
2771,7,MAJOR
2772,5,MAJOR
2774,5,MAJOR
2775,2,MAJOR
2775,6,MINOR
2777,4,MAJOR
2777,6,MINOR
2778,5,MAJOR
2779,4,MAJOR
2779,6,MAJOR
2780,1,MAJOR
2781,9,MAJOR
2782,7,MAJOR
2783,5,MAJOR
2784,7,MAJOR
2786,2,MAJOR
2786,6,MAJOR
2788,1,MAJOR
2789,8,MAJOR
2790,2,MAJOR
2790,3,MAJOR
2790,9,MINOR
2791,4,MAJOR
2791,7,MAJOR
2792,3,MAJOR
2792,8,MAJOR
2794,1,MAJOR
2794,8,MAJOR
2794,5,MINOR
2795,5,MAJOR
2796,8,MAJOR
2797,8,MAJOR
2798,1,MAJOR
2798,5,MAJOR
2799,6,MAJOR
2800,1,MAJOR
2800,5,MINOR
2801,6,MAJOR
2802,1,MAJOR
2803,3,MAJOR
2804,7,MAJOR
2804,1,MINOR
2805,2,MAJOR
2805,1,MINOR
2806,1,MAJOR
2807,8,MAJOR
2808,4,MAJOR
2808,9,MAJOR
2810,4,MAJOR
2812,6,MAJOR
2813,1,MAJOR
2813,2,MAJOR
2814,8,MAJOR
2817,8,MAJOR
2818,1,MAJOR
2818,8,MAJOR
2819,4,MAJOR
2819,8,MAJOR
2820,6,MAJOR
2821,4,MAJOR
2822,5,MAJOR
2823,1,MAJOR
2823,7,MAJOR
2825,7,MAJOR
2825,6,MINOR
2827,3,MAJOR
2828,4,MAJOR
2828,6,MAJOR
2829,3,MAJOR
2831,8,MAJOR
2831,3,MINOR
2832,2,MAJOR
2832,7,MAJOR
2833,2,MAJOR
2834,8,MAJOR
2834,1,MINOR
2835,1,MAJOR
2838,7,MAJOR
2838,4,MINOR
2839,7,MAJOR
2840,4,MAJOR
2840,8,MAJOR
2841,1,MAJOR
2841,5,MINOR
2842,1,MAJOR
2842,5,MAJOR
2843,2,MAJOR
2843,5,MAJOR
2843,3,MINOR
2844,7,MAJOR
2844,8,MAJOR
2845,6,MAJOR
2846,2,MAJOR
2846,8,MAJOR
2846,9,MINOR
2847,6,MAJOR
2847,5,MINOR
2848,8,MAJOR
2848,7,MINOR
2850,9,MAJOR
2851,8,MAJOR
2852,1,MAJOR
2852,9,MAJOR
2853,3,MAJOR
2854,2,MAJOR
2854,5,MAJOR
2855,8,MAJOR
2856,4,MAJOR
2858,4,MAJOR
2862,4,MAJOR
2862,7,MAJOR
2864,4,MAJOR
2864,7,MAJOR
2865,7,MAJOR
2867,8,MAJOR
2867,9,MAJOR
2870,5,MAJOR
2870,7,MAJOR
2871,7,MAJOR
2873,1,MAJOR
2875,1,MAJOR
2877,7,MAJOR
2877,2,MINOR
2878,3,MAJOR
2878,6,MAJOR
2879,1,MAJOR
2879,8,MAJOR
2881,5,MAJOR
2881,6,MAJOR
2883,1,MAJOR
2883,5,MAJOR
2883,7,MINOR
2884,2,MAJOR
2885,6,MAJOR
2886,4,MAJOR
2886,2,MINOR
2889,5,MAJOR
2890,1,MAJOR
2891,4,MAJOR
2891,9,MAJOR
2892,3,MAJOR
2892,8,MAJOR
2893,6,MAJOR
2894,4,MAJOR
2894,1,MINOR
2895,4,MAJOR
2895,3,MINOR
2896,8,MAJOR
2897,5,MAJOR
2897,7,MAJOR
2898,6,MAJOR
2898,7,MINOR
2899,2,MAJOR
2900,3,MAJOR
2900,8,MAJOR
2900,6,MINOR
2901,4,MAJOR
2902,6,MAJOR
2903,3,MAJOR
2904,2,MAJOR
2904,4,MAJOR
2904,1,MINOR
2905,5,MAJOR
2905,8,MAJOR
2905,2,MINOR
2906,6,MAJOR
2906,2,MINOR
2907,8,MAJOR
2908,3,MAJOR
2908,5,MAJOR
2909,1,MAJOR
2914,8,MAJOR
2915,7,MAJOR
2916,6,MAJOR
2916,9,MAJOR
2916,8,MINOR
2917,5,MAJOR
2917,8,MINOR
2918,1,MAJOR
2919,1,MAJOR
2919,9,MAJOR
2920,2,MAJOR
2920,7,MINOR
2923,7,MAJOR
2923,9,MAJOR
2924,6,MAJOR
2925,7,MAJOR
2925,8,MAJOR
2929,3,MAJOR
2929,6,MAJOR
2929,1,MINOR
2930,2,MAJOR
2931,1,MAJOR
2931,2,MAJOR
2934,4,MAJOR
2934,5,MAJOR
2934,1,MINOR
2935,2,MAJOR
2935,8,MAJOR
2937,2,MAJOR
2937,4,MAJOR
2939,2,MAJOR
2939,5,MAJOR
2939,8,MINOR
2940,4,MAJOR
2940,8,MAJOR
2940,1,MINOR
2941,3,MAJOR
2941,4,MAJOR
2941,5,MINOR
2942,4,MAJOR
2942,7,MAJOR
2945,8,MAJOR
2945,9,MAJOR
2947,2,MAJOR
2947,8,MINOR
2948,9,MAJOR
2949,2,MAJOR
2949,3,MAJOR
2950,2,MAJOR
2952,7,MAJOR
2954,6,MAJOR
2955,2,MAJOR
2955,3,MAJOR
2956,3,MAJOR
2956,6,MINOR
2957,3,MAJOR
2958,8,MAJOR
2960,5,MAJOR
2962,4,MAJOR
2962,9,MAJOR
2962,8,MINOR
2963,1,MAJOR
2963,3,MAJOR
2965,5,MAJOR
2966,3,MAJOR
2966,1,MINOR
2967,2,MAJOR
2967,6,MAJOR
2968,2,MAJOR
2968,6,MAJOR
2969,2,MAJOR
2969,4,MINOR
2970,4,MAJOR
2971,3,MAJOR
2971,6,MAJOR
2972,4,MAJOR
2973,5,MAJOR
2973,7,MAJOR
2974,2,MAJOR
2976,3,MAJOR
2976,7,MAJOR
2976,1,MINOR
2977,2,MAJOR
2977,7,MAJOR
2979,8,MAJOR
2980,3,MAJOR
2982,1,MAJOR
2982,5,MINOR
2984,1,MAJOR
2985,3,MAJOR
2986,9,MAJOR
2988,4,MAJOR
2992,9,MAJOR
2993,1,MAJOR
2994,7,MAJOR
2994,8,MAJOR
2994,3,MINOR
2995,6,MAJOR
2996,3,MAJOR
2996,8,MINOR
2997,6,MAJOR
2997,9,MAJOR
2997,2,MINOR
2998,4,MAJOR
2999,2,MAJOR
3000,8,MAJOR
3000,3,MINOR
