Prof_id,Dept_id,Prof_fname,Prof_lname,Prof_email
1,5,Cesaro,Trevaskis,ctrevaskis0@uni.edu
2,7,Jillana,Conan,jconan1@uni.edu
3,7,Fran,Lambrook,flambrook2@uni.edu
4,8,Winnifred,McAvey,wmcavey3@uni.edu
5,2,Idaline,Matushevitz,imatushevitz4@uni.edu
6,6,Dorrie,McPhee,dmcphee5@uni.edu
7,1,Ikey,Parrott,iparrott6@uni.edu
8,4,Ruthie,Rodenborch,rrodenborch7@uni.edu
9,5,Datha,Farnin,dfarnin8@uni.edu
10,5,Antonina,Labroue,alabroue9@uni.edu
11,3,Dot,Culleford,dculleforda@uni.edu
12,6,Ardelia,O'Currane,aocurraneb@uni.edu
13,7,Kellie,McNabb,kmcnabbc@uni.edu
14,4,Yank,Maypother,ymaypotherd@uni.edu
15,1,Paige,Arstall,parstalle@uni.edu
16,4,Ferdy,Robert,frobertf@uni.edu
17,8,Serene,McKenzie,smckenzieg@uni.edu
18,9,Justin,Pedrocco,jpedroccoh@uni.edu
19,5,Farlay,Ashdown,fashdowni@uni.edu
20,7,Seamus,Corgenvin,scorgenvinj@uni.edu
21,8,Curry,Lambert,clambertk@uni.edu
22,8,Cassandry,Brabender,cbrabenderl@uni.edu
23,7,Francine,Hainge,fhaingem@uni.edu
24,9,Anabella,Couthard,acouthardn@uni.edu
25,3,Baldwin,Juggins,bjugginso@uni.edu
26,9,Dasya,Ownsworth,downsworthp@uni.edu
27,3,Linnie,Cleaver,lcleaverq@uni.edu
28,2,Mercy,Broddle,mbroddler@uni.edu
29,2,Yoko,Ector,yectors@uni.edu
30,1,Cass,Hargrove,chargrovet@uni.edu
31,3,Daniele,Delany,ddelanyu@uni.edu
32,5,Sydney,Greydon,sgreydonv@uni.edu
33,5,Dav,Davisson,ddavissonw@uni.edu
34,8,Rachelle,Turmel,rturmelx@uni.edu
35,2,Hesther,Artz,hartzy@uni.edu
36,2,Barry,Lansley,blansleyz@uni.edu
37,6,Wallie,Wiley,wwiley10@uni.edu
38,2,Angie,Learned,alearned11@uni.edu
39,9,Lanie,Johnsey,ljohnsey12@uni.edu
40,6,Kira,De Hailes,kdehailes13@uni.edu
41,8,Doe,Grelak,dgrelak14@uni.edu
42,6,Ella,Bortoloni,ebortoloni15@uni.edu
43,7,Thadeus,Ruzek,truzek16@uni.edu
44,8,Kristian,McMeekan,kmcmeekan17@uni.edu
45,3,Virginie,Melloy,vmelloy18@uni.edu
46,1,Cindra,Rackley,crackley19@uni.edu
47,2,Zed,D'Ambrogi,zdambrogi1a@uni.edu
48,2,Korey,Western,kwestern1b@uni.edu
49,8,Lin,Drews,ldrews1c@uni.edu
50,9,Nola,Carlon,ncarlon1d@uni.edu
51,3,Piper,Simonel,psimonel1e@uni.edu
52,6,Kleon,Northover,knorthover1f@uni.edu
53,7,Heidie,Crumby,hcrumby1g@uni.edu
54,3,Jordana,Buyers,jbuyers1h@uni.edu
55,5,Kilian,Hassent,khassent1i@uni.edu
56,7,Rickert,Garner,rgarner1j@uni.edu
57,7,Julina,Clymo,jclymo1k@uni.edu
58,1,Evy,Letherbury,eletherbury1l@uni.edu
59,2,Rene,Enden,renden1m@uni.edu
60,5,Symon,Obert,sobert1n@uni.edu
61,9,Tony,Beekmann,tbeekmann1o@uni.edu
62,9,Jasun,Tapenden,jtapenden1p@uni.edu
63,3,Simonette,Albasiny,salbasiny1q@uni.edu
64,7,Ryann,Brashaw,rbrashaw1r@uni.edu
65,4,Lodovico,Wanne,lwanne1s@uni.edu
66,7,Daune,Baldree,dbaldree1t@uni.edu
67,9,Vince,Portam,vportam1u@uni.edu
68,6,Marv,Fernando,mfernando1v@uni.edu
69,5,Carlin,Livingstone,clivingstone1w@uni.edu
70,7,Ronnie,Ridehalgh,rridehalgh1x@uni.edu
71,5,Kayla,Phin,kphin1y@uni.edu
72,6,Ilise,Halbord,ihalbord1z@uni.edu
73,9,Thaddus,Caldaro,tcaldaro20@uni.edu
74,6,Marielle,Lipscombe,mlipscombe21@uni.edu
75,9,Blaire,Haibel,bhaibel22@uni.edu
76,2,Lion,Patty,lpatty23@uni.edu
77,9,Leshia,Bastick,lbastick24@uni.edu
78,3,Lanita,Meiklem,lmeiklem25@uni.edu
79,9,Corabella,Greenmon,cgreenmon26@uni.edu
80,5,Mariellen,Greening,mgreening27@uni.edu
81,3,Kin,Kindred,kkindred28@uni.edu
82,6,Stanton,Mila,smila29@uni.edu
83,3,Jasper,D'Alessio,jdalessio2a@uni.edu
84,3,Sonja,Heenan,sheenan2b@uni.edu
85,8,Rosemonde,Lamy,rlamy2c@uni.edu
86,5,Gav,Titterington,gtitterington2d@uni.edu
87,2,Sheeree,Kastel,skastel2e@uni.edu
88,9,Sterne,Bispham,sbispham2f@uni.edu
89,5,Orlan,Purrier,opurrier2g@uni.edu
90,6,Tim,Acres,tacres2h@uni.edu
91,4,Madge,Heynel,mheynel2i@uni.edu
92,9,Jamima,Charette,jcharette2j@uni.edu
93,4,Ethelin,Curm,ecurm2k@uni.edu
94,1,Hendrika,Biset,hbiset2l@uni.edu
95,1,Anna,O'Hartagan,aohartagan2m@uni.edu
96,6,Cleavland,Millam,cmillam2n@uni.edu
97,3,Lishe,Christian,lchristian2o@uni.edu
98,6,Gracia,Kuhnhardt,gkuhnhardt2p@uni.edu
99,8,Rossie,Akess,rakess2q@uni.edu
100,4,Olenka,Base,obase2r@uni.edu
101,7,Maddie,Haborn,mhaborn2s@uni.edu
102,8,Jackie,Berrill,jberrill2t@uni.edu
103,7,Annabella,Liffey,aliffey2u@uni.edu
104,2,Beth,Harradine,bharradine2v@uni.edu
105,2,Juliana,Lamburn,jlamburn2w@uni.edu
106,2,Frans,Shoveller,fshoveller2x@uni.edu
107,3,Rosamund,Vanns,rvanns2y@uni.edu
108,7,Erroll,MacAlpyne,emacalpyne2z@uni.edu
109,2,Carine,Evenett,cevenett30@uni.edu
110,8,Vickie,Guite,vguite31@uni.edu
111,7,Nikaniki,Osanne,nosanne32@uni.edu
112,5,Aurilia,Handlin,ahandlin33@uni.edu
113,7,Evy,Jose,ejose34@uni.edu
114,5,Bonnee,Pibsworth,bpibsworth35@uni.edu
115,7,Margette,McKenney,mmckenney36@uni.edu
116,9,Lambert,Geffen,lgeffen37@uni.edu
117,9,Kiah,Saur,ksaur38@uni.edu
118,8,Neddie,Muat,nmuat39@uni.edu
119,5,Christan,Ferrar,cferrar3a@uni.edu
120,4,Julina,Durbann,jdurbann3b@uni.edu
121,4,Roscoe,Bambery,rbambery3c@uni.edu
122,7,Sigmund,Berick,sberick3d@uni.edu
123,5,Anallese,Durrans,adurrans3e@uni.edu
124,3,Timotheus,Conry,tconry3f@uni.edu
125,8,Domingo,Antonoyev,dantonoyev3g@uni.edu
126,2,Dorian,Chmarny,dchmarny3h@uni.edu
127,2,Arlene,Chadburn,achadburn3i@uni.edu
128,2,Fannie,Szymanzyk,fszymanzyk3j@uni.edu
129,2,Darrin,Ousley,dousley3k@uni.edu
130,3,Marcelle,Cansdell,mcansdell3l@uni.edu
131,8,Rosalinda,Bloodworth,rbloodworth3m@uni.edu
132,6,Esra,Grellier,egrellier3n@uni.edu
133,9,Bailey,Wickson,bwickson3o@uni.edu
134,3,Kerwinn,Cowpertwait,kcowpertwait3p@uni.edu
135,2,Mitchael,Campkin,mcampkin3q@uni.edu
136,4,Bailie,Hewes,bhewes3r@uni.edu
137,8,Leslie,Boler,lboler3s@uni.edu
138,4,Gregorio,Conerding,gconerding3t@uni.edu
139,6,Merrel,Clelle,mclelle3u@uni.edu
140,4,Prinz,Dellar,pdellar3v@uni.edu
141,9,Darby,Russell,drussell3w@uni.edu
142,8,Gasper,Cuningham,gcuningham3x@uni.edu
143,9,Nixie,Whitear,nwhitear3y@uni.edu
144,1,Salem,Cordelette,scordelette3z@uni.edu
145,4,Verne,Giacomelli,vgiacomelli40@uni.edu
146,8,Mellie,Gillson,mgillson41@uni.edu
147,5,Ira,Lakeland,ilakeland42@uni.edu
148,3,Cindelyn,Bosche,cbosche43@uni.edu
149,6,Hinze,Basketter,hbasketter44@uni.edu
150,9,Sayre,Tennet,stennet45@uni.edu
151,4,Marcy,Cutmere,mcutmere46@uni.edu
152,3,Normie,Zorzin,nzorzin47@uni.edu
153,8,Tomasine,McIlwraith,tmcilwraith48@uni.edu
154,8,Willis,Marriner,wmarriner49@uni.edu
155,6,Madelyn,Sharpe,msharpe4a@uni.edu
156,7,Chandler,Marginson,cmarginson4b@uni.edu
157,8,Rae,Edlin,redlin4c@uni.edu
158,6,Sascha,Jakubovitch,sjakubovitch4d@uni.edu
159,8,Lisle,Sackett,lsackett4e@uni.edu
160,4,Sumner,Hillatt,shillatt4f@uni.edu
161,1,Merci,Folomkin,mfolomkin4g@uni.edu
162,7,Benji,Grichukhanov,bgrichukhanov4h@uni.edu
163,3,Russell,Willans,rwillans4i@uni.edu
164,6,Gerhardt,Hause,ghause4j@uni.edu
165,4,Tarah,Dalgleish,tdalgleish4k@uni.edu
166,1,Emyle,Streat,estreat4l@uni.edu
167,9,Lucio,Gouldthorpe,lgouldthorpe4m@uni.edu
168,9,Roxine,Clulee,rclulee4n@uni.edu
169,3,Nanni,O' Scallan,noscallan4o@uni.edu
170,3,Gloriane,Clapison,gclapison4p@uni.edu
171,9,Cornall,Aldersea,caldersea4q@uni.edu
172,1,Delphine,Bithell,dbithell4r@uni.edu
173,4,Fulvia,Edwins,fedwins4s@uni.edu
174,2,Shanan,Pallant,spallant4t@uni.edu
175,4,Erin,Mursell,emursell4u@uni.edu
176,5,Ingram,Lyddon,ilyddon4v@uni.edu
177,9,Logan,Raiman,lraiman4w@uni.edu
178,8,Burch,McKinstry,bmckinstry4x@uni.edu
179,1,Dorice,Lermit,dlermit4y@uni.edu
180,5,Stefan,Casse,scasse4z@uni.edu
181,9,Katheryn,Rigglesford,krigglesford50@uni.edu
182,4,Enid,Kirtlan,ekirtlan51@uni.edu
183,2,Mela,Scrase,mscrase52@uni.edu
184,9,Marquita,Hindsberg,mhindsberg53@uni.edu
185,9,Ly,Murney,lmurney54@uni.edu
186,8,Debee,Durran,ddurran55@uni.edu
187,7,Roderick,Rickert,rrickert56@uni.edu
188,9,Eduino,Halston,ehalston57@uni.edu
189,3,Abbe,Ternent,aternent58@uni.edu
190,8,Kelsey,Eastwell,keastwell59@uni.edu
191,1,Edin,Phifer,ephifer5a@uni.edu
192,7,Constance,Mocker,cmocker5b@uni.edu
193,6,Hilario,Clewley,hclewley5c@uni.edu
194,2,Glenna,Asey,gasey5d@uni.edu
195,4,Sibley,Cleiment,scleiment5e@uni.edu
196,7,Davidde,Massingberd,dmassingberd5f@uni.edu
197,4,Ottilie,Lugg,olugg5g@uni.edu
198,1,Annie,Eble,aeble5h@uni.edu
199,8,Emlynne,O'Nowlan,eonowlan5i@uni.edu
200,7,Perren,Sawfoot,psawfoot5j@uni.edu
