Col_name,Dept_name,Dept_code
College of Arts & Sciences,Department of Mathematics,MATH
College of Arts & Sciences,Department of Physics,PHYS
College of Arts & Sciences,Department of Linguistics,LING
College of Arts & Sciences,Department of Philosophy,PHIL
College of Arts & Sciences,Department of Economics,ECON
College of Built Environments,Architecture,ARCH
College of Built Environments,Real Estate,RE
College of Engineering,Mechanical Engineering,ME
College of Engineering,Paul G. Allen School of Computer Science & Engineering,CSE
