Crs_name,Prereq_crs_name
ARCH 201,ARCH 200
ARCH 300,ARCH 201
ARCH 301,ARCH 300
ARCH 302,ARCH 301
ARCH 321,ARCH 320
ARCH 322,ARCH 321
ARCH 400,ARCH 302
ARCH 401,ARCH 400
ARCH 402,ARCH 401
ARCH 435,ARCH 431
ARCH 439,ARCH 435
ARCH 481,ARCH 380
ARCH 487,ARCH 380
CSE 143,CSE 142
CSE 311,MATH 126
CSE 311,CSE 123
CSE 312,CSE 311
CSE 331,CSE 123
CSE 332,CSE 311
CSE 333,CSE 351
CSE 340,CSE 123
CSE 341,CSE 123
CSE 344,CSE 311
CSE 351,CSE 123
CSE 369,CSE 311
CSE 373,CSE 123
CSE 374,CSE 123
CSE 391,CSE 123
CSE 401,CSE 332
CSE 401,CSE 351
CSE 402,CSE 332
CSE 402,CSE 351
CSE 403,CSE 332
CSE 403,CSE 331
CSE 410,CSE 373
CSE 412,CSE 123
CSE 413,CSE 373
CSE 414,CSE 123
CSE 415,CSE 373
CSE 416,MATH 394
CSE 416,CSE 123
CSE 417,CSE 373
CSE 421,CSE 332
CSE 421,CSE 312
CSE 422,CSE 332
CSE 422,MATH 208
CSE 422,CSE 312
CSE 426,CSE 312
CSE 427,CSE 332
CSE 427,CSE 312
CSE 428,CSE 331
CSE 428,CSE 332
CSE 428,CSE 312
CSE 431,CSE 312
CSE 434,MATH 208
CSE 434,CSE 312
CSE 440,CSE 332
CSE 441,CSE 440
CSE 442,CSE 332
CSE 444,CSE 344
CSE 444,CSE 332
CSE 446,MATH 208
CSE 446,CSE 312
CSE 446,CSE 332
CSE 447,CSE 312
CSE 447,CSE 332
CSE 451,CSE 333
CSE 451,CSE 351
CSE 451,CSE 332
CSE 452,CSE 332
CSE 452,CSE 333.
CSE 453,CSE 332
CSE 453,CSE 333
CSE 454,CSE 351
CSE 454,CSE 331
CSE 454,CSE 332
CSE 455,CSE 332
CSE 455,CSE 333
CSE 457,CSE 332
CSE 457,CSE 333
CSE 458,CSE 457
CSE 459,CSE 458
CSE 460,CSE 459
CSE 461,CSE 333
CSE 461,CSE 332
CSE 462,MATH 208
CSE 462,CSE 333
CSE 469,CSE 123
CSE 469,CSE 369
CSE 470,CSE 469
CSE 472,CSE 311
CSE 472,LING 200
CSE 473,CSE 312
CSE 473,CSE 332
CSE 474,CSE 123
CSE 475,CSE 474
CSE 475,CSE 369
CSE 478,MATH 208
CSE 478,CSE 332
CSE 484,CSE 351
CSE 484,CSE 332
CSE 486,MATH 208
CSE 486,CSE 311
ECON 201,ECON 200
ECON 300,MATH 124
ECON 300,ECON 200
ECON 301,ECON 300
ECON 301,ECON 201
ECON 346,ECON 200
ECON 382,ECON 300
ECON 396,ECON 301
ECON 400,MATH 126
ECON 400,ECON 300
ECON 401,MATH 126
ECON 401,ECON 301
ECON 402,ECON 300
ECON 403,ECON 300
ECON 404,ECON 300
ECON 408,ECON 300
ECON 410,ECON 300
ECON 411,ECON 300
ECON 412,ECON 301
ECON 421,ECON 301
ECON 425,ECON 301
ECON 426,ECON 300
ECON 426,MATH 124
ECON 427,ECON 301
ECON 431,ECON 300
ECON 432,ECON 300
ECON 435,ECON 300
ECON 436,ECON 300
ECON 437,ECON 300
ECON 438,ECON 300
ECON 442,ECON 300
ECON 443,ECON 300
ECON 444,ECON 300
ECON 446,ECON 300
ECON 447,ECON 300
ECON 448,ECON 300
ECON 450,ECON 300
ECON 451,ECON 300
ECON 452,ECON 300
ECON 454,ECON 300
ECON 455,ECON 300
ECON 464,ECON 301
ECON 471,ECON 300
ECON 472,ECON 301
ECON 473,ECON 471
ECON 473,ECON 301
ECON 475,ECON 301
ECON 476,ECON 301
ECON 485,ECON 300
ECON 486,ECON 300
ECON 490,ECON 301
ECON 491,ECON 301
ECON 492,ECON 301
ECON 493,ECON 301
ECON 494,ECON 201
ECON 495,ECON 301
ECON 497,ECON 496
LING 401,LING 200
LING 403,LING 200
LING 407,LING 200
LING 410,LING 200
LING 421,LING 200
LING 430,LING 200
LING 432,LING 200
LING 433,LING 432
LING 441,LING 200
LING 442,LING 200
LING 449,LING 200
LING 450,LING 200
LING 451,LING 450
LING 452,LING 451
LING 453,LING 450
LING 458,LING 203
LING 458,LING 200
LING 461,LING 200
LING 462,LING 461
LING 463,LING 462
LING 464,LING 200
LING 472,LING 461
LING 472,LING 200
LING 478,LING 461
LING 479,LING 478
LING 481,LING 450
MATH 112,MATH 120
MATH 116,MATH 125
MATH 125,MATH 124
MATH 126,MATH 125
MATH 135,MATH 134
MATH 136,MATH 135
MATH 207,MATH 125
MATH 208,MATH 126
MATH 209,MATH 207
MATH 209,MATH 208
MATH 224,MATH 126
MATH 300,MATH 126
MATH 301,MATH 126
MATH 301,MATH 300
MATH 318,MATH 208
MATH 327,MATH 300
MATH 334,MATH 136
MATH 335,MATH 334
MATH 336,MATH 335
MATH 340,MATH 208
MATH 340,MATH 300
MATH 381,MATH 208
MATH 381,CSE 123
MATH 394,MATH 126
MATH 395,MATH 394
MATH 396,MATH 395
MATH 396,MATH 208
MATH 402,MATH 300
MATH 402,MATH 208
MATH 403,MATH 402
MATH 404,MATH 403
MATH 407,MATH 208
MATH 408,MATH 327
MATH 408,MATH 407
MATH 409,MATH 300
MATH 409,MATH 407
MATH 411,MATH 208
MATH 412,MATH 411
MATH 420,MATH 126
MATH 424,MATH 327
MATH 425,MATH 424
MATH 425,MATH 208
MATH 426,MATH 425
MATH 427,MATH 327
MATH 428,MATH 427
MATH 441,MATH 327
MATH 442,MATH 441
MATH 442,MATH 208
MATH 442,MATH 224
MATH 443,MATH 442
MATH 444,MATH 208
MATH 444,MATH 300
MATH 445,MATH 444
MATH 461,MATH 300
MATH 461,MATH 208
MATH 462,MATH 461
MATH 464,MATH 208
MATH 465,MATH 464
MATH 491,MATH 395
MATH 492,MATH 491
MATH 493,MATH 491
PHIL 436,PHIL 322
PHIL 471,PHIL 470
PHIL 479,LING 478
PHIL 483,PHIL 120
PHYS 121,MATH 124
PHYS 122,MATH 125
PHYS 122,PHYS 121
PHYS 123,MATH 126
PHYS 123,PHYS 122
PHYS 141,MATH 124
PHYS 142,MATH 125
PHYS 142,PHYS 141
PHYS 143,MATH 126
PHYS 143,PHYS 142
PHYS 210,PHYS 123
PHYS 211,PHYS 123
PHYS 212,PHYS 123
PHYS 224,PHYS 123
PHYS 224,MATH 126
PHYS 225,PHYS 227
PHYS 226,PHYS 225
PHYS 227,PHYS 123
PHYS 227,MATH 126
PHYS 228,PHYS 227
PHYS 231,PHYS 123
PHYS 232,PHYS 227
PHYS 321,PHYS 228
PHYS 321,PHYS 227
PHYS 322,PHYS 321
PHYS 323,PHYS 322
PHYS 324,PHYS 228
PHYS 324,PHYS 225
PHYS 325,PHYS 324
PHYS 328,PHYS 225
PHYS 328,PHYS 224
PHYS 329,PHYS 228
PHYS 331,PHYS 321
PHYS 331,PHYS 227
PHYS 334,PHYS 123
PHYS 335,PHYS 334
PHYS 401,PHYS 123
PHYS 402,PHYS 123
PHYS 403,PHYS 123
PHYS 406,PHYS 123
PHYS 407,PHYS 123
PHYS 409,PHYS 123
PHYS 419,PHYS 227.
PHYS 419,PHYS 225
PHYS 421,PHYS 325
PHYS 421,PHYS 322
PHYS 422,PHYS 322
PHYS 422,PHYS 325
PHYS 422,PHYS 226
PHYS 423,PHYS 324
PHYS 429,PHYS 225
PHYS 429,PHYS 224
PHYS 431,PHYS 225
PHYS 431,PHYS 334
PHYS 432,PHYS 225
PHYS 432,PHYS 334
PHYS 433,PHYS 225
PHYS 433,PHYS 334
PHYS 466,PHYS 431
RE 361,RE 250
RE 363,RE 250
RE 397,RE 250
RE 400,RE 250
RE 408,RE 250
RE 409,RE 408
RE 411,RE 250
RE 413,RE 250
RE 415,RE 250
RE 416,RE 250
RE 418,RE 250
RE 431,RE 250
RE 431,RE 413
RE 459,RE 250
RE 462,RE 250
RE 464,RE 250
RE 497,RE 397
RE 497,RE 416
RE 497,RE 250
