Prof_fname,Prof_lname,Prof_email
Cesaro,Trevaskis,ctrevaskis0@independent.co.uk
Jillana,Conan,jconan1@topsy.com
Fran,Lambrook,flambrook2@cbsnews.com
Winnifred,McAvey,wmcavey3@yolasite.com
Idaline,Matushevitz,imatushevitz4@mediafire.com
Dorrie,McPhee,dmcphee5@stumbleupon.com
Ikey,Parrott,iparrott6@xinhuanet.com
Ruthie,Rodenborch,rrodenborch7@addtoany.com
Datha,Farnin,dfarnin8@xing.com
Antonina,Labroue,alabroue9@newyorker.com
Dot,Culleford,dculleforda@fotki.com
Ardelia,O'Currane,aocurraneb@cloudflare.com
Kellie,McNabb,kmcnabbc@a8.net
Yank,Maypother,ymaypotherd@epa.gov
Paige,Arstall,parstalle@google.it
Ferdy,Robert,frobertf@virginia.edu
Serene,McKenzie,smckenzieg@dailymotion.com
Justin,Pedrocco,jpedroccoh@acquirethisname.com
Farlay,Ashdown,fashdowni@newyorker.com
Seamus,Corgenvin,scorgenvinj@ucsd.edu
Curry,Lambert,clambertk@phoca.cz
Cassandry,Brabender,cbrabenderl@washington.edu
Francine,Hainge,fhaingem@springer.com
Anabella,Couthard,acouthardn@is.gd
Baldwin,Juggins,bjugginso@spiegel.de
Dasya,Ownsworth,downsworthp@blogtalkradio.com
Linnie,Cleaver,lcleaverq@typepad.com
Mercy,Broddle,mbroddler@xinhuanet.com
Yoko,Ector,yectors@vinaora.com
Cass,Hargrove,chargrovet@amazon.co.uk
Daniele,Delany,ddelanyu@cnbc.com
Sydney,Greydon,sgreydonv@ed.gov
Dav,Davisson,ddavissonw@omniture.com
Rachelle,Turmel,rturmelx@yahoo.com
Hesther,Artz,hartzy@t-online.de
Barry,Lansley,blansleyz@usgs.gov
Wallie,Wiley,wwiley10@1und1.de
Angie,Learned,alearned11@google.com.au
Lanie,Johnsey,ljohnsey12@flickr.com
Kira,De Hailes,kdehailes13@techcrunch.com
Doe,Grelak,dgrelak14@vistaprint.com
Ella,Bortoloni,ebortoloni15@marketwatch.com
Thadeus,Ruzek,truzek16@moonfruit.com
Kristian,McMeekan,kmcmeekan17@twitpic.com
Virginie,Melloy,vmelloy18@dion.ne.jp
Cindra,Rackley,crackley19@nsw.gov.au
Zed,D'Ambrogi,zdambrogi1a@msn.com
Korey,Western,kwestern1b@vinaora.com
Lin,Drews,ldrews1c@photobucket.com
Nola,Carlon,ncarlon1d@engadget.com
Piper,Simonel,psimonel1e@e-recht24.de
Kleon,Northover,knorthover1f@ifeng.com
Heidie,Crumby,hcrumby1g@bandcamp.com
Jordana,Buyers,jbuyers1h@dion.ne.jp
Kilian,Hassent,khassent1i@gizmodo.com
Rickert,Garner,rgarner1j@earthlink.net
Julina,Clymo,jclymo1k@scribd.com
Evy,Letherbury,eletherbury1l@i2i.jp
Rene,Enden,renden1m@liveinternet.ru
Symon,Obert,sobert1n@nature.com
Tony,Beekmann,tbeekmann1o@bigcartel.com
Jasun,Tapenden,jtapenden1p@theguardian.com
Simonette,Albasiny,salbasiny1q@amazon.co.jp
Ryann,Brashaw,rbrashaw1r@mit.edu
Lodovico,Wanne,lwanne1s@netlog.com
Daune,Baldree,dbaldree1t@desdev.cn
Vince,Portam,vportam1u@usgs.gov
Marv,Fernando,mfernando1v@bravesites.com
Carlin,Livingstone,clivingstone1w@mlb.com
Ronnie,Ridehalgh,rridehalgh1x@deviantart.com
Kayla,Phin,kphin1y@utexas.edu
Ilise,Halbord,ihalbord1z@columbia.edu
Thaddus,Caldaro,tcaldaro20@wikimedia.org
Marielle,Lipscombe,mlipscombe21@vinaora.com
Blaire,Haibel,bhaibel22@ow.ly
Lion,Patty,lpatty23@marketwatch.com
Leshia,Bastick,lbastick24@china.com.cn
Lanita,Meiklem,lmeiklem25@ox.ac.uk
Corabella,Greenmon,cgreenmon26@paginegialle.it
Mariellen,Greening,mgreening27@tripadvisor.com
Kin,Kindred,kkindred28@skype.com
Stanton,Mila,smila29@ebay.com
Jasper,D'Alessio,jdalessio2a@deliciousdays.com
Sonja,Heenan,sheenan2b@twitter.com
Rosemonde,Lamy,rlamy2c@joomla.org
Gav,Titterington,gtitterington2d@soup.io
Sheeree,Kastel,skastel2e@trellian.com
Sterne,Bispham,sbispham2f@ted.com
Orlan,Purrier,opurrier2g@csmonitor.com
Tim,Acres,tacres2h@accuweather.com
Madge,Heynel,mheynel2i@aol.com
Jamima,Charette,jcharette2j@seattletimes.com
Ethelin,Curm,ecurm2k@hatena.ne.jp
Hendrika,Biset,hbiset2l@utexas.edu
Anna,O'Hartagan,aohartagan2m@craigslist.org
Cleavland,Millam,cmillam2n@cbsnews.com
Lishe,Christian,lchristian2o@fda.gov
Gracia,Kuhnhardt,gkuhnhardt2p@imdb.com
Rossie,Akess,rakess2q@tinypic.com
Olenka,Base,obase2r@altervista.org
Maddie,Haborn,mhaborn2s@msn.com
Jackie,Berrill,jberrill2t@ning.com
Annabella,Liffey,aliffey2u@bbc.co.uk
Beth,Harradine,bharradine2v@xinhuanet.com
Juliana,Lamburn,jlamburn2w@sina.com.cn
Frans,Shoveller,fshoveller2x@jiathis.com
Rosamund,Vanns,rvanns2y@over-blog.com
Erroll,MacAlpyne,emacalpyne2z@ibm.com
Carine,Evenett,cevenett30@slideshare.net
Vickie,Guite,vguite31@bing.com
Nikaniki,Osanne,nosanne32@soup.io
Aurilia,Handlin,ahandlin33@hexun.com
Evy,Jose,ejose34@mozilla.com
Bonnee,Pibsworth,bpibsworth35@usgs.gov
Margette,McKenney,mmckenney36@nhs.uk
Lambert,Geffen,lgeffen37@google.com
Kiah,Saur,ksaur38@wp.com
Neddie,Muat,nmuat39@rakuten.co.jp
Christan,Ferrar,cferrar3a@cnbc.com
Julina,Durbann,jdurbann3b@reddit.com
Roscoe,Bambery,rbambery3c@topsy.com
Sigmund,Berick,sberick3d@trellian.com
Anallese,Durrans,adurrans3e@creativecommons.org
Timotheus,Conry,tconry3f@independent.co.uk
Domingo,Antonoyev,dantonoyev3g@shinystat.com
Dorian,Chmarny,dchmarny3h@craigslist.org
Arlene,Chadburn,achadburn3i@smugmug.com
Fannie,Szymanzyk,fszymanzyk3j@seattletimes.com
Darrin,Ousley,dousley3k@telegraph.co.uk
Marcelle,Cansdell,mcansdell3l@miibeian.gov.cn
Rosalinda,Bloodworth,rbloodworth3m@cam.ac.uk
Esra,Grellier,egrellier3n@clickbank.net
Bailey,Wickson,bwickson3o@wix.com
Kerwinn,Cowpertwait,kcowpertwait3p@discovery.com
Mitchael,Campkin,mcampkin3q@uol.com.br
Bailie,Hewes,bhewes3r@1688.com
Leslie,Boler,lboler3s@yellowbook.com
Gregorio,Conerding,gconerding3t@bandcamp.com
Merrel,Clelle,mclelle3u@google.com.hk
Prinz,Dellar,pdellar3v@domainmarket.com
Darby,Russell,drussell3w@jalbum.net
Gasper,Cuningham,gcuningham3x@google.com
Nixie,Whitear,nwhitear3y@gov.uk
Salem,Cordelette,scordelette3z@google.com.au
Verne,Giacomelli,vgiacomelli40@networkadvertising.org
Mellie,Gillson,mgillson41@howstuffworks.com
Ira,Lakeland,ilakeland42@statcounter.com
Cindelyn,Bosche,cbosche43@hc360.com
Hinze,Basketter,hbasketter44@admin.ch
Sayre,Tennet,stennet45@ycombinator.com
Marcy,Cutmere,mcutmere46@joomla.org
Normie,Zorzin,nzorzin47@blogs.com
Tomasine,McIlwraith,tmcilwraith48@1688.com
Willis,Marriner,wmarriner49@geocities.jp
Madelyn,Sharpe,msharpe4a@zimbio.com
Chandler,Marginson,cmarginson4b@apache.org
Rae,Edlin,redlin4c@about.com
Sascha,Jakubovitch,sjakubovitch4d@purevolume.com
Lisle,Sackett,lsackett4e@samsung.com
Sumner,Hillatt,shillatt4f@cargocollective.com
Merci,Folomkin,mfolomkin4g@weather.com
Benji,Grichukhanov,bgrichukhanov4h@statcounter.com
Russell,Willans,rwillans4i@umn.edu
Gerhardt,Hause,ghause4j@e-recht24.de
Tarah,Dalgleish,tdalgleish4k@google.ca
Emyle,Streat,estreat4l@google.com.br
Lucio,Gouldthorpe,lgouldthorpe4m@123-reg.co.uk
Roxine,Clulee,rclulee4n@fastcompany.com
Nanni,O' Scallan,noscallan4o@desdev.cn
Gloriane,Clapison,gclapison4p@harvard.edu
Cornall,Aldersea,caldersea4q@businessweek.com
Delphine,Bithell,dbithell4r@pen.io
Fulvia,Edwins,fedwins4s@mlb.com
Shanan,Pallant,spallant4t@naver.com
Erin,Mursell,emursell4u@nature.com
Ingram,Lyddon,ilyddon4v@alibaba.com
Logan,Raiman,lraiman4w@list-manage.com
Burch,McKinstry,bmckinstry4x@addthis.com
Dorice,Lermit,dlermit4y@simplemachines.org
Stefan,Casse,scasse4z@forbes.com
Katheryn,Rigglesford,krigglesford50@umich.edu
Enid,Kirtlan,ekirtlan51@techcrunch.com
Mela,Scrase,mscrase52@geocities.jp
Marquita,Hindsberg,mhindsberg53@thetimes.co.uk
Ly,Murney,lmurney54@wp.com
Debee,Durran,ddurran55@gov.uk
Roderick,Rickert,rrickert56@so-net.ne.jp
Eduino,Halston,ehalston57@cbslocal.com
Abbe,Ternent,aternent58@wordpress.com
Kelsey,Eastwell,keastwell59@businesswire.com
Edin,Phifer,ephifer5a@t-online.de
Constance,Mocker,cmocker5b@ehow.com
Hilario,Clewley,hclewley5c@ow.ly
Glenna,Asey,gasey5d@japanpost.jp
Sibley,Cleiment,scleiment5e@blogger.com
Davidde,Massingberd,dmassingberd5f@guardian.co.uk
Ottilie,Lugg,olugg5g@people.com.cn
Annie,Eble,aeble5h@earthlink.net
Emlynne,O'Nowlan,eonowlan5i@google.es
Perren,Sawfoot,psawfoot5j@hugedomains.com
